Camera,Site ID,Organization,Active Status,Online Status,County,Colocated Cameras,Longitude ,Latitude,Camera URL,Network URL,Image URL
Miami Peak 1,miamipeak,alertcalifornia,active,online,Mariposa,Miami Peak 2,-119.74,37.41,https://cameras.alertcalifornia.org/?id=Axis-MiamiPeak1,https://cameras.alertcalifornia.org/?pos=37.41_-119.74_10,https://cameras.alertcalifornia.org/public-camera-data/Axis-MiamiPeak1/latest-frame.jpg
Miami Peak 2,miamipeak,alertcalifornia,active,online,Mariposa,Miami Peak 1,-119.74,37.41,https://cameras.alertcalifornia.org/?id=Axis-MiamiPeak2,https://cameras.alertcalifornia.org/?pos=37.41_-119.74_10,https://cameras.alertcalifornia.org/public-camera-data/Axis-MiamiPeak2/latest-frame.jpg
Deadwood Mtn. 1,deadwood,alertcalifornia,active,online,Madera,Deadwood Mtn. 2,-119.68,37.31,https://cameras.alertcalifornia.org/?id=Axis-Deadwood,https://cameras.alertcalifornia.org/?pos=37.31_-119.68_10,https://cameras.alertcalifornia.org/public-camera-data/Axis-Deadwood/latest-frame.jpg
Deadwood Mtn. 2,deadwood,alertcalifornia,active,online,Madera,Deadwood Mtn. 1,-119.68,37.31,https://cameras.alertcalifornia.org/?id=Axis-Deadwood2,https://cameras.alertcalifornia.org/?pos=37.31_-119.68_10,https://cameras.alertcalifornia.org/public-camera-data/Axis-Deadwood2/latest-frame.jpg
Goat Mtn. Lookout 1,goatmtnlookout,alertcalifornia,active,online,Madera,Goat Mtn. Lookout 2,-119.55,37.27,https://cameras.alertcalifornia.org/?id=Axis-GoatMtnLookout1,https://cameras.alertcalifornia.org/?pos=37.27_-119.55_10,https://cameras.alertcalifornia.org/public-camera-data/Axis-GoatMtnLookout1/latest-frame.jpg
Goat Mtn. Lookout 2,goatmtnlookout,alertcalifornia,active,online,Madera,Goat Mtn. Lookout 1,-119.55,37.27,https://cameras.alertcalifornia.org/?id=Axis-GoatMtnLookout2,https://cameras.alertcalifornia.org/?pos=37.27_-119.55_10,https://cameras.alertcalifornia.org/public-camera-data/Axis-GoatMtnLookout2/latest-frame.jpg
North Fork 1,northfork,alertcalifornia,active,online,Madera,North Fork 2,-119.51,37.22,https://cameras.alertcalifornia.org/?id=Axis-NorthFork1,https://cameras.alertcalifornia.org/?pos=37.22_-119.51_10,https://cameras.alertcalifornia.org/public-camera-data/Axis-NorthFork1/latest-frame.jpg
North Fork 2,northfork,alertcalifornia,active,online,Madera,North Fork 1,-119.51,37.22,https://cameras.alertcalifornia.org/?id=Axis-NorthFork2,https://cameras.alertcalifornia.org/?pos=37.22_-119.51_10,https://cameras.alertcalifornia.org/public-camera-data/Axis-NorthFork2/latest-frame.jpg
Red Top 1,redtop,alertcalifornia,active,online,Madera,Red Top 2,-119.77,37.12,https://cameras.alertcalifornia.org/?id=Axis-RedTop1,https://cameras.alertcalifornia.org/?pos=37.12_-119.77_10,https://cameras.alertcalifornia.org/public-camera-data/Axis-RedTop1/latest-frame.jpg
Red Top 2,redtop,alertcalifornia,active,online,Madera,Red Top 1,-119.77,37.12,https://cameras.alertcalifornia.org/?id=Axis-RedTop2,https://cameras.alertcalifornia.org/?pos=37.12_-119.77_10,https://cameras.alertcalifornia.org/public-camera-data/Axis-RedTop2/latest-frame.jpg
Huntington Lake 1,huntingtonlake,alertcalifornia,active,online,Fresno,Huntington Lake 2,-119.23,37.21,https://cameras.alertcalifornia.org/?id=Axis-HuntingtonLake1,https://cameras.alertcalifornia.org/?pos=37.21_-119.23_10,https://cameras.alertcalifornia.org/public-camera-data/Axis-HuntingtonLake1/latest-frame.jpg
Huntington Lake 2,huntingtonlake,alertcalifornia,active,online,Fresno,Huntington Lake 1,-119.23,37.21,https://cameras.alertcalifornia.org/?id=Axis-HuntingtonLake2,https://cameras.alertcalifornia.org/?pos=37.21_-119.23_10,https://cameras.alertcalifornia.org/public-camera-data/Axis-HuntingtonLake2/latest-frame.jpg
Meadow Lakes 1,meadowlakes,alertcalifornia,active,online,Fresno,Meadow Lakes 2,-119.42,37.06,https://cameras.alertcalifornia.org/?id=Axis-MeadowLakes,https://cameras.alertcalifornia.org/?pos=37.06_-119.42_10,https://cameras.alertcalifornia.org/public-camera-data/Axis-MeadowLakes/latest-frame.jpg
Meadow Lakes 2,meadowlakes,alertcalifornia,active,online,Fresno,Meadow Lakes 1,-119.42,37.06,https://cameras.alertcalifornia.org/?id=Axis-MeadowLakes2,https://cameras.alertcalifornia.org/?pos=37.06_-119.42_10,https://cameras.alertcalifornia.org/public-camera-data/Axis-MeadowLakes2/latest-frame.jpg
Owens Mtn. 1,owensmtn,alertcalifornia,active,online,Fresno,Owens Mtn. 2,-119.64,36.92,https://cameras.alertcalifornia.org/?id=Axis-OwensMtn,https://cameras.alertcalifornia.org/?pos=36.92_-119.64_10,https://cameras.alertcalifornia.org/public-camera-data/Axis-OwensMtn/latest-frame.jpg
Owens Mtn. 2,owensmtn,alertcalifornia,active,online,Fresno,Owens Mtn. 1,-119.64,36.92,https://cameras.alertcalifornia.org/?id=Axis-OwensMtn2,https://cameras.alertcalifornia.org/?pos=36.92_-119.64_10,https://cameras.alertcalifornia.org/public-camera-data/Axis-OwensMtn2/latest-frame.jpg
Fence Meadow Lookout 1,fencemeadowlookout,alertcalifornia,active,online,Fresno,Fence Meadow Lookout 2,-119.17,36.96,https://cameras.alertcalifornia.org/?id=Axis-FenceMeadowLookout1,https://cameras.alertcalifornia.org/?pos=36.96_-119.17_10,https://cameras.alertcalifornia.org/public-camera-data/Axis-FenceMeadowLookout1/latest-frame.jpg
Fence Meadow Lookout 2,fencemeadowlookout,alertcalifornia,active,online,Fresno,Fence Meadow Lookout 1,-119.17,36.96,https://cameras.alertcalifornia.org/?id=Axis-FenceMeadowLookout2,https://cameras.alertcalifornia.org/?pos=36.96_-119.17_10,https://cameras.alertcalifornia.org/public-camera-data/Axis-FenceMeadowLookout2/latest-frame.jpg
Round Mtn. (Fresno) 1,roundmtnfresno,alertcalifornia,active,online,Fresno,Round Mtn. (Fresno) 2,-119.51,36.81,https://cameras.alertcalifornia.org/?id=Axis-RoundMtnFresno,https://cameras.alertcalifornia.org/?pos=36.81_-119.51_10,https://cameras.alertcalifornia.org/public-camera-data/Axis-RoundMtnFresno/latest-frame.jpg
Round Mtn. (Fresno) 2,roundmtnfresno,alertcalifornia,active,online,Fresno,Round Mtn. (Fresno) 1,-119.51,36.81,https://cameras.alertcalifornia.org/?id=Axis-RoundMtnFresno2,https://cameras.alertcalifornia.org/?pos=36.81_-119.51_10,https://cameras.alertcalifornia.org/public-camera-data/Axis-RoundMtnFresno2/latest-frame.jpg
Bear Mtn. (Fresno) 1,bearmtnfresno,alertcalifornia,active,online,Fresno,Bear Mtn. (Fresno) 2,-119.28,36.74,https://cameras.alertcalifornia.org/?id=Axis-BearMtnFresno1,https://cameras.alertcalifornia.org/?pos=36.74_-119.28_10,https://cameras.alertcalifornia.org/public-camera-data/Axis-BearMtnFresno1/latest-frame.jpg
Bear Mtn. (Fresno) 2,bearmtnfresno,alertcalifornia,active,online,Fresno,Bear Mtn. (Fresno) 1,-119.28,36.74,https://cameras.alertcalifornia.org/?id=Axis-BearMtnFresno2,https://cameras.alertcalifornia.org/?pos=36.74_-119.28_10,https://cameras.alertcalifornia.org/public-camera-data/Axis-BearMtnFresno2/latest-frame.jpg
Delilah Lookout 1,delilahlookout,alertcalifornia,active,online,Fresno,Delilah Lookout 2,-119.11,36.8,https://cameras.alertcalifornia.org/?id=Axis-DelilahLookout1,https://cameras.alertcalifornia.org/?pos=36.80_-119.11_10,https://cameras.alertcalifornia.org/public-camera-data/Axis-DelilahLookout1/latest-frame.jpg
Delilah Lookout 2,delilahlookout,alertcalifornia,active,online,Fresno,Delilah Lookout 1,-119.11,36.8,https://cameras.alertcalifornia.org/?id=Axis-DelilahLookout2,https://cameras.alertcalifornia.org/?pos=36.80_-119.11_10,https://cameras.alertcalifornia.org/public-camera-data/Axis-DelilahLookout2/latest-frame.jpg
McKenzie Ridge,mckinzieridge,alertcalifornia,active,online,Fresno,,-119.09,36.76,https://cameras.alertcalifornia.org/?id=Axis-McKinzieRidge,https://cameras.alertcalifornia.org/?pos=36.76_-119.09_10,https://cameras.alertcalifornia.org/public-camera-data/Axis-McKinzieRidge/latest-frame.jpg
Bear Clover 1,bearclover,alertcalifornia,active,online,Fresno,Bear Clover 2,-119.09,36.69,https://cameras.alertcalifornia.org/?id=Axis-BearClover1,https://cameras.alertcalifornia.org/?pos=36.69_-119.09_10,https://cameras.alertcalifornia.org/public-camera-data/Axis-BearClover1/latest-frame.jpg
Bear Clover 2,bearclover,alertcalifornia,active,online,Fresno,Bear Clover 1,-119.09,36.69,https://cameras.alertcalifornia.org/?id=Axis-BearClover2,https://cameras.alertcalifornia.org/?pos=36.69_-119.09_10,https://cameras.alertcalifornia.org/public-camera-data/Axis-BearClover2/latest-frame.jpg
Todd Eymann Rd 1,toddeymannrd,alertcalifornia,active,online,Fresno,Todd Eymann Rd 2,-119.02,36.7,https://cameras.alertcalifornia.org/?id=Axis-ToddEymannRd1,https://cameras.alertcalifornia.org/?pos=36.70_-119.02_10,https://cameras.alertcalifornia.org/public-camera-data/Axis-ToddEymannRd1/latest-frame.jpg
Todd Eymann Rd 2,toddeymannrd,alertcalifornia,active,online,Fresno,Todd Eymann Rd 1,-119.02,36.7,https://cameras.alertcalifornia.org/?id=Axis-ToddEymannRd2,https://cameras.alertcalifornia.org/?pos=36.70_-119.02_10,https://cameras.alertcalifornia.org/public-camera-data/Axis-ToddEymannRd2/latest-frame.jpg
Buck Rock 1,buckrock,alertcalifornia,active,online,Tulare,Buck Rock 2,-118.86,36.73,https://cameras.alertcalifornia.org/?id=Axis-BuckRock1,https://cameras.alertcalifornia.org/?pos=36.73_-118.86_10,https://cameras.alertcalifornia.org/public-camera-data/Axis-BuckRock1/latest-frame.jpg
Buck Rock 2,buckrock,alertcalifornia,active,online,Tulare,Buck Rock 1,-118.86,36.73,https://cameras.alertcalifornia.org/?id=Axis-BuckRock2,https://cameras.alertcalifornia.org/?pos=36.73_-118.86_10,https://cameras.alertcalifornia.org/public-camera-data/Axis-BuckRock2/latest-frame.jpg
Silver Peak 1,silverpeak,alertcalifornia,active,online,Inyo,Silver Peak 2,-118.18,37.41,https://cameras.alertcalifornia.org/?id=Axis-SilverPeak1,https://cameras.alertcalifornia.org/?pos=37.41_-118.18_10,https://cameras.alertcalifornia.org/public-camera-data/Axis-SilverPeak1/latest-frame.jpg
Silver Peak 2,silverpeak,alertcalifornia,active,online,Inyo,Silver Peak 1,-118.18,37.41,https://cameras.alertcalifornia.org/?id=Axis-SilverPeak2,https://cameras.alertcalifornia.org/?pos=37.41_-118.18_10,https://cameras.alertcalifornia.org/public-camera-data/Axis-SilverPeak2/latest-frame.jpg
Marzano Peak 1,marzanopeak,alertcalifornia,active,online,Inyo,Marzano Peak 2,-118.1,37.2,https://cameras.alertcalifornia.org/?id=Axis-MarzanoPeak1,https://cameras.alertcalifornia.org/?pos=37.20_-118.10_10,https://cameras.alertcalifornia.org/public-camera-data/Axis-MarzanoPeak1/latest-frame.jpg
Marzano Peak 2,marzanopeak,alertcalifornia,active,online,Inyo,Marzano Peak 1,-118.1,37.2,https://cameras.alertcalifornia.org/?id=Axis-MarzanoPeak2,https://cameras.alertcalifornia.org/?pos=37.20_-118.10_10,https://cameras.alertcalifornia.org/public-camera-data/Axis-MarzanoPeak2/latest-frame.jpg
Colvin Mtn. 1,crook,alertcalifornia,active,online,Tulare,Colvin Mtn. 2,-119.15,36.45,https://cameras.alertcalifornia.org/?id=Axis-Crook1,https://cameras.alertcalifornia.org/?pos=36.45_-119.15_10,https://cameras.alertcalifornia.org/public-camera-data/Axis-Crook1/latest-frame.jpg
Colvin Mtn. 2,crook,alertcalifornia,active,online,Tulare,Colvin Mtn. 1,-119.15,36.45,https://cameras.alertcalifornia.org/?id=Axis-Crook2,https://cameras.alertcalifornia.org/?pos=36.45_-119.15_10,https://cameras.alertcalifornia.org/public-camera-data/Axis-Crook2/latest-frame.jpg
Rocky Hill 1,rockyhill,alertcalifornia,active,online,Tulare,Rocky Hill 2,-119.08,36.28,https://cameras.alertcalifornia.org/?id=Axis-RockyHill,https://cameras.alertcalifornia.org/?pos=36.28_-119.08_10,https://cameras.alertcalifornia.org/public-camera-data/Axis-RockyHill/latest-frame.jpg
Rocky Hill 2,rockyhill,alertcalifornia,active,online,Tulare,Rocky Hill 1,-119.08,36.28,https://cameras.alertcalifornia.org/?id=Axis-RockyHill2,https://cameras.alertcalifornia.org/?pos=36.28_-119.08_10,https://cameras.alertcalifornia.org/public-camera-data/Axis-RockyHill2/latest-frame.jpg
Blue Ridge 1,blueridge,alertcalifornia,active,online,Tulare,Blue Ridge 2,-118.83,36.28,https://cameras.alertcalifornia.org/?id=Axis-BlueRidge1,https://cameras.alertcalifornia.org/?pos=36.28_-118.83_10,https://cameras.alertcalifornia.org/public-camera-data/Axis-BlueRidge1/latest-frame.jpg
Blue Ridge 2,blueridge,alertcalifornia,active,online,Tulare,Blue Ridge 1,-118.83,36.28,https://cameras.alertcalifornia.org/?id=Axis-BlueRidge2,https://cameras.alertcalifornia.org/?pos=36.28_-118.83_10,https://cameras.alertcalifornia.org/public-camera-data/Axis-BlueRidge2/latest-frame.jpg
Jordan Peak 1,jordanpeak,alertcalifornia,active,offline,Tulare,Jordan Peak 2,-118.59,36.18,https://cameras.alertcalifornia.org/?id=Axis-JordanPeak1,https://cameras.alertcalifornia.org/?pos=36.18_-118.59_10,https://cameras.alertcalifornia.org/public-camera-data/Axis-JordanPeak1/latest-frame.jpg
Jordan Peak 2,jordanpeak,alertcalifornia,active,offline,Tulare,Jordan Peak 1,-118.59,36.18,https://cameras.alertcalifornia.org/?id=Axis-JordanPeak2,https://cameras.alertcalifornia.org/?pos=36.18_-118.59_10,https://cameras.alertcalifornia.org/public-camera-data/Axis-JordanPeak2/latest-frame.jpg
Whitney Portal 1,whitneyportal,alertcalifornia,active,online,Inyo,Whitney Portal 2,-118.14,36.59,https://cameras.alertcalifornia.org/?id=Axis-WhitneyPortal1,https://cameras.alertcalifornia.org/?pos=36.59_-118.14_10,https://cameras.alertcalifornia.org/public-camera-data/Axis-WhitneyPortal1/latest-frame.jpg
Whitney Portal 2,whitneyportal,alertcalifornia,active,online,Inyo,Whitney Portal 1,-118.14,36.59,https://cameras.alertcalifornia.org/?id=Axis-WhitneyPortal2,https://cameras.alertcalifornia.org/?pos=36.59_-118.14_10,https://cameras.alertcalifornia.org/public-camera-data/Axis-WhitneyPortal2/latest-frame.jpg
Alabama Hills 1 ,alabamahills,alertcalifornia,active,online,Inyo,Alabama Hills 2,-118.08,36.56,https://cameras.alertcalifornia.org/?id=Axis-AlabamaHills1,https://cameras.alertcalifornia.org/?pos=36.56_-118.08_10,https://cameras.alertcalifornia.org/public-camera-data/Axis-AlabamaHills1/latest-frame.jpg
Alabama Hills 2 ,alabamahills,alertcalifornia,active,online,Inyo,Alabama Hills 1,-118.08,36.56,https://cameras.alertcalifornia.org/?id=Axis-AlabamaHills2,https://cameras.alertcalifornia.org/?pos=36.56_-118.08_10,https://cameras.alertcalifornia.org/public-camera-data/Axis-AlabamaHills2/latest-frame.jpg
Lone Pine 1,lonepine,alertcalifornia,active,online,Inyo,Lone Pine 2,-118.05,36.6,https://cameras.alertcalifornia.org/?id=Axis-LonePine1,https://cameras.alertcalifornia.org/?pos=36.60_-118.05_10,https://cameras.alertcalifornia.org/public-camera-data/Axis-LonePine1/latest-frame.jpg
Lone Pine 2,lonepine,alertcalifornia,active,online,Inyo,Lone Pine 1,-118.05,36.6,https://cameras.alertcalifornia.org/?id=Axis-LonePine2,https://cameras.alertcalifornia.org/?pos=36.60_-118.05_10,https://cameras.alertcalifornia.org/public-camera-data/Axis-LonePine2/latest-frame.jpg
Cerro Gordo 1,cerrogordo,alertcalifornia,active,online,Inyo,Cerro Gordo 2,-117.79,36.53,https://cameras.alertcalifornia.org/?id=Axis-CerroGordo1,https://cameras.alertcalifornia.org/?pos=36.53_-117.79_10,https://cameras.alertcalifornia.org/public-camera-data/Axis-CerroGordo1/latest-frame.jpg
Cerro Gordo 2,cerrogordo,alertcalifornia,active,online,Inyo,Cerro Gordo 1,-117.79,36.53,https://cameras.alertcalifornia.org/?id=Axis-CerroGordo2,https://cameras.alertcalifornia.org/?pos=36.53_-117.79_10,https://cameras.alertcalifornia.org/public-camera-data/Axis-CerroGordo2/latest-frame.jpg
Cartago 1,cartago,alertcalifornia,active,online,Inyo,Cartago 2,-118.02,36.32,https://cameras.alertcalifornia.org/?id=Axis-Cartago1,https://cameras.alertcalifornia.org/?pos=36.32_-118.02_10,https://cameras.alertcalifornia.org/public-camera-data/Axis-Cartago1/latest-frame.jpg
Cartago 2,cartago,alertcalifornia,active,online,Inyo,Cartago 1,-118.02,36.32,https://cameras.alertcalifornia.org/?id=Axis-Cartago2,https://cameras.alertcalifornia.org/?pos=36.32_-118.02_10,https://cameras.alertcalifornia.org/public-camera-data/Axis-Cartago2/latest-frame.jpg
Olancha 1,olancha,alertcalifornia,active,online,Inyo,Olancha 2,-118,36.27,https://cameras.alertcalifornia.org/?id=Axis-Olancha1,https://cameras.alertcalifornia.org/?pos=36.27_-118.00_10,https://cameras.alertcalifornia.org/public-camera-data/Axis-Olancha1/latest-frame.jpg
Olancha 2,olancha,alertcalifornia,active,online,Inyo,Olancha 1,-118,36.27,https://cameras.alertcalifornia.org/?id=Axis-Olancha2,https://cameras.alertcalifornia.org/?pos=36.27_-118.00_10,https://cameras.alertcalifornia.org/public-camera-data/Axis-Olancha2/latest-frame.jpg
Porterville 1,porterville,alertcalifornia,active,online,Tulare,Porterville 2,-118.96,36.08,https://cameras.alertcalifornia.org/?id=Axis-Porterville1,https://cameras.alertcalifornia.org/?pos=36.08_-118.96_10,https://cameras.alertcalifornia.org/public-camera-data/Axis-Porterville1/latest-frame.jpg
Porterville 2,porterville,alertcalifornia,active,online,Tulare,Porterville 1,-118.96,36.08,https://cameras.alertcalifornia.org/?id=Axis-Porterville2,https://cameras.alertcalifornia.org/?pos=36.08_-118.96_10,https://cameras.alertcalifornia.org/public-camera-data/Axis-Porterville2/latest-frame.jpg
Bald Mtn. (Tulare) 1,baldmtnsequoia,alertcalifornia,active,offline,Tulare,Bald Mtn. (Tulare) 2,-118.25,36.01,https://cameras.alertcalifornia.org/?id=Axis-BaldMtnSequoia1,https://cameras.alertcalifornia.org/?pos=36.01_-118.25_10,https://cameras.alertcalifornia.org/public-camera-data/Axis-BaldMtnSequoia1/latest-frame.jpg
Bald Mtn. (Tulare) 2,baldmtnsequoia,alertcalifornia,active,online,Tulare,Bald Mtn. (Tulare) 1,-118.25,36.01,https://cameras.alertcalifornia.org/?id=Axis-BaldMtnSequoia2,https://cameras.alertcalifornia.org/?pos=36.01_-118.25_10,https://cameras.alertcalifornia.org/public-camera-data/Axis-BaldMtnSequoia2/latest-frame.jpg
Oat Mtn. (Tulare) 1,oatmtntulare,alertcalifornia,active,online,Tulare,Oat Mtn. (Tulare) 2,-118.79,36,https://cameras.alertcalifornia.org/?id=Axis-OatMtnTulare1,https://cameras.alertcalifornia.org/?pos=36.00_-118.79_10,https://cameras.alertcalifornia.org/public-camera-data/Axis-OatMtnTulare1/latest-frame.jpg
Oat Mtn. (Tulare) 2,oatmtntulare,alertcalifornia,active,online,Tulare,Oat Mtn. (Tulare) 1,-118.79,36,https://cameras.alertcalifornia.org/?id=Axis-OatMtnTulare2,https://cameras.alertcalifornia.org/?pos=36.00_-118.79_10,https://cameras.alertcalifornia.org/public-camera-data/Axis-OatMtnTulare2/latest-frame.jpg
King George Ridge 1,kinggeorge,alertcalifornia,active,online,Tulare,King George Ridge 2,-118.74,35.87,https://cameras.alertcalifornia.org/?id=Axis-KingGeorge1,https://cameras.alertcalifornia.org/?pos=35.87_-118.74_10,https://cameras.alertcalifornia.org/public-camera-data/Axis-KingGeorge1/latest-frame.jpg
King George Ridge 2,kinggeorge,alertcalifornia,active,online,Tulare,King George Ridge 1,-118.74,35.87,https://cameras.alertcalifornia.org/?id=Axis-KingGeorge2,https://cameras.alertcalifornia.org/?pos=35.87_-118.74_10,https://cameras.alertcalifornia.org/public-camera-data/Axis-KingGeorge2/latest-frame.jpg
Tobias Peak 1,tobiaspeak,alertcalifornia,active,online,Tulare,Tobias Peak 2,-118.57,35.85,https://cameras.alertcalifornia.org/?id=Axis-TobiasPeak1,https://cameras.alertcalifornia.org/?pos=35.85_-118.57_10,https://cameras.alertcalifornia.org/public-camera-data/Axis-TobiasPeak1/latest-frame.jpg
Tobias Peak 2,tobiaspeak,alertcalifornia,active,online,Tulare,Tobias Peak 1,-118.57,35.85,https://cameras.alertcalifornia.org/?id=Axis-TobiasPeak2,https://cameras.alertcalifornia.org/?pos=35.85_-118.57_10,https://cameras.alertcalifornia.org/public-camera-data/Axis-TobiasPeak2/latest-frame.jpg
Posey Fire Station 1,posey,alertcalifornia,active,online,Tulare,Posey Fire Station 2,-118.63,35.8,https://cameras.alertcalifornia.org/?id=Axis-Posey1,https://cameras.alertcalifornia.org/?pos=35.80_-118.63_10,https://cameras.alertcalifornia.org/public-camera-data/Axis-Posey1/latest-frame.jpg
Posey Fire Station 2,posey,alertcalifornia,active,online,Tulare,Posey Fire Station 1,-118.63,35.8,https://cameras.alertcalifornia.org/?id=Axis-Posey2,https://cameras.alertcalifornia.org/?pos=35.80_-118.63_10,https://cameras.alertcalifornia.org/public-camera-data/Axis-Posey2/latest-frame.jpg
Garces HWY 1,garceshwy,alertcalifornia,active,online,Kern,Garces HWY 2,-119.05,35.76,https://cameras.alertcalifornia.org/?id=Axis-GarcesHwy1,https://cameras.alertcalifornia.org/?pos=35.76_-119.05_10,https://cameras.alertcalifornia.org/public-camera-data/Axis-GarcesHwy1/latest-frame.jpg
Garces HWY 2,garceshwy,alertcalifornia,active,online,Kern,Garces HWY 1,-119.05,35.76,https://cameras.alertcalifornia.org/?id=Axis-GarcesHwy2,https://cameras.alertcalifornia.org/?pos=35.76_-119.05_10,https://cameras.alertcalifornia.org/public-camera-data/Axis-GarcesHwy2/latest-frame.jpg
Blue Mtn. (Kern) 1,bluemtnkern,alertcalifornia,active,online,Kern,Blue Mtn. (Kern) 2,-118.75,35.75,https://cameras.alertcalifornia.org/?id=Axis-BlueMtnKern1,https://cameras.alertcalifornia.org/?pos=35.75_-118.75_10,https://cameras.alertcalifornia.org/public-camera-data/Axis-BlueMtnKern1/latest-frame.jpg
Blue Mtn. (Kern) 2,bluemtnkern,alertcalifornia,active,online,Kern,Blue Mtn. (Kern) 1,-118.75,35.75,https://cameras.alertcalifornia.org/?id=Axis-BlueMtnKern2,https://cameras.alertcalifornia.org/?pos=35.75_-118.75_10,https://cameras.alertcalifornia.org/public-camera-data/Axis-BlueMtnKern2/latest-frame.jpg
Shirley Peak 1,shirleypeak,alertcalifornia,active,online,Kern,Shirley Peak 2,-118.55,35.7,https://cameras.alertcalifornia.org/?id=Axis-ShirleyPeak1,https://cameras.alertcalifornia.org/?pos=35.70_-118.55_10,https://cameras.alertcalifornia.org/public-camera-data/Axis-ShirleyPeak1/latest-frame.jpg
Shirley Peak 2,shirleypeak,alertcalifornia,active,online,Kern,Shirley Peak 1,-118.55,35.7,https://cameras.alertcalifornia.org/?id=Axis-ShirleyPeak2,https://cameras.alertcalifornia.org/?pos=35.70_-118.55_10,https://cameras.alertcalifornia.org/public-camera-data/Axis-ShirleyPeak2/latest-frame.jpg
Rocky Point 1,rockypoint,alertcalifornia,active,online,Kern,Rocky Point 2,-118.42,35.68,https://cameras.alertcalifornia.org/?id=Axis-RockyPoint1,https://cameras.alertcalifornia.org/?pos=35.68_-118.42_10,https://cameras.alertcalifornia.org/public-camera-data/Axis-RockyPoint1/latest-frame.jpg
Rocky Point 2,rockypoint,alertcalifornia,active,online,Kern,Rocky Point 1,-118.42,35.68,https://cameras.alertcalifornia.org/?id=Axis-RockyPoint2,https://cameras.alertcalifornia.org/?pos=35.68_-118.42_10,https://cameras.alertcalifornia.org/public-camera-data/Axis-RockyPoint2/latest-frame.jpg
Fay Ranch Rd 1,fayranch,alertcalifornia,active,online,Kern,Fay Ranch Rd 2,-118.29,35.66,https://cameras.alertcalifornia.org/?id=Axis-FayRanch1,https://cameras.alertcalifornia.org/?pos=35.66_-118.29_10,https://cameras.alertcalifornia.org/public-camera-data/Axis-FayRanch1/latest-frame.jpg
Fay Ranch Rd 2,fayranch,alertcalifornia,active,online,Kern,Fay Ranch Rd 1,-118.29,35.66,https://cameras.alertcalifornia.org/?id=Axis-FayRanch2,https://cameras.alertcalifornia.org/?pos=35.66_-118.29_10,https://cameras.alertcalifornia.org/public-camera-data/Axis-FayRanch2/latest-frame.jpg
Schill Hill 1,schillhill,alertcalifornia,active,online,Kern,Schill Hill 2,-118.8,35.63,https://cameras.alertcalifornia.org/?id=Axis-SchillHill1,https://cameras.alertcalifornia.org/?pos=35.63_-118.80_10,https://cameras.alertcalifornia.org/public-camera-data/Axis-SchillHill1/latest-frame.jpg
Schill Hill 2,schillhill,alertcalifornia,active,online,Kern,Schill Hill 1,-118.8,35.63,https://cameras.alertcalifornia.org/?id=Axis-SchillHill2,https://cameras.alertcalifornia.org/?pos=35.63_-118.80_10,https://cameras.alertcalifornia.org/public-camera-data/Axis-SchillHill2/latest-frame.jpg
Pine Mtn. (Kern) 1,pinemtn,alertcalifornia,active,online,Kern,Pine Mtn. (Kern) 2,-118.77,35.56,https://cameras.alertcalifornia.org/?id=Axis-PineMtnKern1,https://cameras.alertcalifornia.org/?pos=35.56_-118.77_10,https://cameras.alertcalifornia.org/public-camera-data/Axis-PineMtnKern1/latest-frame.jpg
Pine Mtn. (Kern) 2,pinemtn,alertcalifornia,active,online,Kern,Pine Mtn. (Kern) 1,-118.77,35.56,https://cameras.alertcalifornia.org/?id=Axis-PineMtnKern2,https://cameras.alertcalifornia.org/?pos=35.56_-118.77_10,https://cameras.alertcalifornia.org/public-camera-data/Axis-PineMtnKern2/latest-frame.jpg
Bird Springs 1,birdsprings,alertcalifornia,active,online,Kern,Bird Springs 2,-118.14,35.53,https://cameras.alertcalifornia.org/?id=Axis-BirdSprings1,https://cameras.alertcalifornia.org/?pos=35.53_-118.14_10,https://cameras.alertcalifornia.org/public-camera-data/Axis-BirdSprings1/latest-frame.jpg
Bird Springs 2,birdsprings,alertcalifornia,active,online,Kern,Bird Springs 1,-118.14,35.53,https://cameras.alertcalifornia.org/?id=Axis-BirdSprings2,https://cameras.alertcalifornia.org/?pos=35.53_-118.14_10,https://cameras.alertcalifornia.org/public-camera-data/Axis-BirdSprings2/latest-frame.jpg
Mebane 1,mebane,alertcalifornia,active,online,Kern,Mebane 2,-118.71,35.51,https://cameras.alertcalifornia.org/?id=Axis-Mebane1,https://cameras.alertcalifornia.org/?pos=35.51_-118.71_10,https://cameras.alertcalifornia.org/public-camera-data/Axis-Mebane1/latest-frame.jpg
Mebane 2,mebane,alertcalifornia,active,online,Kern,Mebane 1,-118.71,35.51,https://cameras.alertcalifornia.org/?id=Axis-Mebane2,https://cameras.alertcalifornia.org/?pos=35.51_-118.71_10,https://cameras.alertcalifornia.org/public-camera-data/Axis-Mebane2/latest-frame.jpg
El Paso 1,elpaso,alertcalifornia,active,online,Kern,El Paso 2,-117.7,35.47,https://cameras.alertcalifornia.org/?id=Axis-ElPaso1,https://cameras.alertcalifornia.org/?pos=35.47_-117.70_10,https://cameras.alertcalifornia.org/public-camera-data/Axis-ElPaso1/latest-frame.jpg
El Paso 2,elpaso,alertcalifornia,active,online,Kern,El Paso 1,-117.7,35.47,https://cameras.alertcalifornia.org/?id=Axis-ElPaso2,https://cameras.alertcalifornia.org/?pos=35.47_-117.70_10,https://cameras.alertcalifornia.org/public-camera-data/Axis-ElPaso2/latest-frame.jpg
Breckenridge Peak 1,breckenridgepeak,alertcalifornia,active,online,Kern,Breckenridge Peak 2,-118.59,35.45,https://cameras.alertcalifornia.org/?id=Axis-BreckenridgePeak1,https://cameras.alertcalifornia.org/?pos=35.45_-118.59_10,https://cameras.alertcalifornia.org/public-camera-data/Axis-BreckenridgePeak1/latest-frame.jpg
Breckenridge Peak 2,breckenridgepeak,alertcalifornia,active,online,Kern,Breckenridge Peak 1,-118.59,35.45,https://cameras.alertcalifornia.org/?id=Axis-BreckenridgePeak2,https://cameras.alertcalifornia.org/?pos=35.45_-118.59_10,https://cameras.alertcalifornia.org/public-camera-data/Axis-BreckenridgePeak2/latest-frame.jpg
Mt. Adelaide 1,mtadelaide,alertcalifornia,active,online,Kern,Mt. Adelaide 2,-118.74,35.42,https://cameras.alertcalifornia.org/?id=Axis-MtAdelaide1,https://cameras.alertcalifornia.org/?pos=35.42_-118.74_10,https://cameras.alertcalifornia.org/public-camera-data/Axis-MtAdelaide1/latest-frame.jpg
Mt. Adelaide 2,mtadelaide,alertcalifornia,active,online,Kern,Mt. Adelaide 1,-118.74,35.42,https://cameras.alertcalifornia.org/?id=Axis-MtAdelaide2,https://cameras.alertcalifornia.org/?pos=35.42_-118.74_10,https://cameras.alertcalifornia.org/public-camera-data/Axis-MtAdelaide2/latest-frame.jpg
Mt. Adelaide North,mtadelaidenorth,alertcalifornia,active,online,Kern,,-118.74,35.43,https://cameras.alertcalifornia.org/?id=Axis-MtAdelaideNorth,https://cameras.alertcalifornia.org/?pos=35.43_-118.74_10,https://cameras.alertcalifornia.org/public-camera-data/Axis-MtAdelaideNorth/latest-frame.jpg
Thumb Mtn. 1,thumbmtn,alertcalifornia,active,online,Kern,Thumb Mtn. 2,-118.23,35.27,https://cameras.alertcalifornia.org/?id=Axis-ThumbMtn1,https://cameras.alertcalifornia.org/?pos=35.27_-118.23_10,https://cameras.alertcalifornia.org/public-camera-data/Axis-ThumbMtn1/latest-frame.jpg
Thumb Mtn. 2,thumbmtn,alertcalifornia,active,online,Kern,Thumb Mtn. 1,-118.23,35.27,https://cameras.alertcalifornia.org/?id=Axis-ThumbMtn2,https://cameras.alertcalifornia.org/?pos=35.27_-118.23_10,https://cameras.alertcalifornia.org/public-camera-data/Axis-ThumbMtn2/latest-frame.jpg
Bealville 1,bealville,alertcalifornia,active,online,Kern,Bealville 2,-118.62,35.25,https://cameras.alertcalifornia.org/?id=Axis-Bealville1,https://cameras.alertcalifornia.org/?pos=35.25_-118.62_10,https://cameras.alertcalifornia.org/public-camera-data/Axis-Bealville1/latest-frame.jpg
Bealville 2,bealville,alertcalifornia,active,online,Kern,Bealville 1,-118.62,35.25,https://cameras.alertcalifornia.org/?id=Axis-Bealville2,https://cameras.alertcalifornia.org/?pos=35.25_-118.62_10,https://cameras.alertcalifornia.org/public-camera-data/Axis-Bealville2/latest-frame.jpg
Lamont 1,lamont,alertcalifornia,active,online,Kern,Lamont 2,-118.91,35.24,https://cameras.alertcalifornia.org/?id=Axis-Lamont1,https://cameras.alertcalifornia.org/?pos=35.24_-118.91_10,https://cameras.alertcalifornia.org/public-camera-data/Axis-Lamont1/latest-frame.jpg
Lamont 2,lamont,alertcalifornia,active,online,Kern,Lamont 1,-118.91,35.24,https://cameras.alertcalifornia.org/?id=Axis-Lamont2,https://cameras.alertcalifornia.org/?pos=35.24_-118.91_10,https://cameras.alertcalifornia.org/public-camera-data/Axis-Lamont2/latest-frame.jpg
Bear Mtn. (Kern) 1,bearmtnkern,alertcalifornia,active,online,Kern,Bear Mtn. (Kern) 2,-118.63,35.2,https://cameras.alertcalifornia.org/?id=Axis-BearMtnKern1,https://cameras.alertcalifornia.org/?pos=35.20_-118.63_10,https://cameras.alertcalifornia.org/public-camera-data/Axis-BearMtnKern1/latest-frame.jpg
Bear Mtn. (Kern) 2,bearmtnkern,alertcalifornia,active,online,Kern,Bear Mtn. (Kern) 1,-118.63,35.2,https://cameras.alertcalifornia.org/?id=Axis-BearMtnKern2,https://cameras.alertcalifornia.org/?pos=35.20_-118.63_10,https://cameras.alertcalifornia.org/public-camera-data/Axis-BearMtnKern2/latest-frame.jpg
Buena Vista Kern 1,buenavistakern,alertcalifornia,active,online,Kern,Buena Vista Kern 2,-119.48,35.2,https://cameras.alertcalifornia.org/?id=Axis-BuenaVistaKern1,https://cameras.alertcalifornia.org/?pos=35.20_-119.48_10,https://cameras.alertcalifornia.org/public-camera-data/Axis-BuenaVistaKern1/latest-frame.jpg
Buena Vista Kern 2,buenavistakern,alertcalifornia,active,online,Kern,Buena Vista Kern 1,-119.48,35.2,https://cameras.alertcalifornia.org/?id=Axis-BuenaVistaKern2,https://cameras.alertcalifornia.org/?pos=35.20_-119.48_10,https://cameras.alertcalifornia.org/public-camera-data/Axis-BuenaVistaKern2/latest-frame.jpg
El Rancho 1,elrancho,alertcalifornia,active,offline,Kern,El Rancho 2,-118.58,35.16,https://cameras.alertcalifornia.org/?id=Axis-ElRancho1,https://cameras.alertcalifornia.org/?pos=35.16_-118.58_10,https://cameras.alertcalifornia.org/public-camera-data/Axis-ElRancho1/latest-frame.jpg
El Rancho 2,elrancho,alertcalifornia,active,offline,Kern,El Rancho 1,-118.58,35.16,https://cameras.alertcalifornia.org/?id=Axis-ElRancho2,https://cameras.alertcalifornia.org/?pos=35.16_-118.58_10,https://cameras.alertcalifornia.org/public-camera-data/Axis-ElRancho2/latest-frame.jpg
Mojave Admin 1,mojaveadmin,alertcalifornia,active,online,Kern,Mojave Admin 2,-118.16,35.04,https://cameras.alertcalifornia.org/?id=Axis-MojaveAdmin1,https://cameras.alertcalifornia.org/?pos=35.04_-118.16_10,https://cameras.alertcalifornia.org/public-camera-data/Axis-MojaveAdmin1/latest-frame.jpg
Mojave Admin 2,mojaveadmin,alertcalifornia,active,online,Kern,Mojave Admin 1,-118.16,35.04,https://cameras.alertcalifornia.org/?id=Axis-MojaveAdmin2,https://cameras.alertcalifornia.org/?pos=35.04_-118.16_10,https://cameras.alertcalifornia.org/public-camera-data/Axis-MojaveAdmin2/latest-frame.jpg
Tehachapi Obsv 1,obstehachapi,alertcalifornia,active,online,Kern,Tehachapi Obsv 2,-118.46,35.04,https://cameras.alertcalifornia.org/?id=Axis-ObsTehachapi1,https://cameras.alertcalifornia.org/?pos=35.04_-118.46_10,https://cameras.alertcalifornia.org/public-camera-data/Axis-ObsTehachapi1/latest-frame.jpg
Tehachapi Obsv 2,obstehachapi,alertcalifornia,active,online,Kern,Tehachapi Obsv 1,-118.46,35.04,https://cameras.alertcalifornia.org/?id=Axis-ObsTehachapi2,https://cameras.alertcalifornia.org/?pos=35.04_-118.46_10,https://cameras.alertcalifornia.org/public-camera-data/Axis-ObsTehachapi2/latest-frame.jpg
Cummings Mtn.  1,cummingsmtn,alertcalifornia,active,online,Kern,Cummings Mtn. 2,-118.57,35.04,https://cameras.alertcalifornia.org/?id=Axis-CummingsMtn1,https://cameras.alertcalifornia.org/?pos=35.04_-118.57_10,https://cameras.alertcalifornia.org/public-camera-data/Axis-CummingsMtn1/latest-frame.jpg
Cummings Mtn.  2,cummingsmtn,alertcalifornia,active,online,Kern,Cummings Mtn. 1,-118.57,35.04,https://cameras.alertcalifornia.org/?id=Axis-CummingsMtn2,https://cameras.alertcalifornia.org/?pos=35.04_-118.57_10,https://cameras.alertcalifornia.org/public-camera-data/Axis-CummingsMtn2/latest-frame.jpg
Rosamond 1,rosamond,alertcalifornia,active,online,Kern,Rosamond 2,-118.16,34.88,https://cameras.alertcalifornia.org/?id=Axis-Rosamond,https://cameras.alertcalifornia.org/?pos=34.88_-118.16_10,https://cameras.alertcalifornia.org/public-camera-data/Axis-Rosamond/latest-frame.jpg
Rosamond 2,rosamond,alertcalifornia,active,online,Kern,Rosamond 1,-118.16,34.88,https://cameras.alertcalifornia.org/?id=Axis-Rosamond2,https://cameras.alertcalifornia.org/?pos=34.88_-118.16_10,https://cameras.alertcalifornia.org/public-camera-data/Axis-Rosamond2/latest-frame.jpg
Portal Ridge 1,portalridge,alertcalifornia,active,online,Los Angeles,Portal Ridge 2,-118.43,34.67,https://cameras.alertcalifornia.org/?id=Axis-PortalRidge1,https://cameras.alertcalifornia.org/?pos=34.67_-118.43_10,https://cameras.alertcalifornia.org/public-camera-data/Axis-PortalRidge1/latest-frame.jpg
Portal Ridge 2,portalridge,alertcalifornia,active,online,Los Angeles,Portal Ridge 1,-118.43,34.67,https://cameras.alertcalifornia.org/?id=Axis-PortalRidge2,https://cameras.alertcalifornia.org/?pos=34.67_-118.43_10,https://cameras.alertcalifornia.org/public-camera-data/Axis-PortalRidge2/latest-frame.jpg
Bald Mtn. Tower (Los Angeles) 1,baldmtntower,alertcalifornia,active,online,Los Angeles,Bald Mtn. Tower (Los Angeles) 2,-118.72,34.74,https://cameras.alertcalifornia.org/?id=Axis-BaldMtnTower1,https://cameras.alertcalifornia.org/?pos=34.74_-118.72_10,https://cameras.alertcalifornia.org/public-camera-data/Axis-BaldMtnTower1/latest-frame.jpg
Bald Mtn. Tower (Los Angeles) 2,baldmtntower,alertcalifornia,active,online,Los Angeles,Bald Mtn. Tower (Los Angeles) 1,-118.72,34.74,https://cameras.alertcalifornia.org/?id=Axis-BaldMtnTower2,https://cameras.alertcalifornia.org/?pos=34.74_-118.72_10,https://cameras.alertcalifornia.org/public-camera-data/Axis-BaldMtnTower2/latest-frame.jpg
Gorman 1,gorman,alertcalifornia,active,offline,Los Angeles,Gorman 2,-118.81,34.8,https://cameras.alertcalifornia.org/?id=Axis-Gorman1,https://cameras.alertcalifornia.org/?pos=34.80_-118.81_10,https://cameras.alertcalifornia.org/public-camera-data/Axis-Gorman1/latest-frame.jpg
Gorman 2,gorman,alertcalifornia,active,offline,Los Angeles,Gorman 1,-118.81,34.8,https://cameras.alertcalifornia.org/?id=Axis-Gorman2,https://cameras.alertcalifornia.org/?pos=34.80_-118.81_10,https://cameras.alertcalifornia.org/public-camera-data/Axis-Gorman2/latest-frame.jpg
Lebec Oaks 1,lebecoaks,alertcalifornia,active,online,Kern,Lebec Oaks 2,-118.89,34.83,https://cameras.alertcalifornia.org/?id=Axis-LebecOaks1,https://cameras.alertcalifornia.org/?pos=34.83_-118.89_10,https://cameras.alertcalifornia.org/public-camera-data/Axis-LebecOaks1/latest-frame.jpg
Lebec Oaks 2,lebecoaks,alertcalifornia,active,online,Kern,Lebec Oaks 1,-118.89,34.83,https://cameras.alertcalifornia.org/?id=Axis-LebecOaks2,https://cameras.alertcalifornia.org/?pos=34.83_-118.89_10,https://cameras.alertcalifornia.org/public-camera-data/Axis-LebecOaks2/latest-frame.jpg
Grapevine 1,grapevine,alertcalifornia,active,offline,Kern,Grapevine 2,-118.9,34.9,https://cameras.alertcalifornia.org/?id=Axis-Grapevine1,https://cameras.alertcalifornia.org/?pos=34.90_-118.90_10,https://cameras.alertcalifornia.org/public-camera-data/Axis-Grapevine1/latest-frame.jpg
Grapevine 2,grapevine,alertcalifornia,active,offline,Kern,Grapevine 1,-118.9,34.9,https://cameras.alertcalifornia.org/?id=Axis-Grapevine2,https://cameras.alertcalifornia.org/?pos=34.90_-118.90_10,https://cameras.alertcalifornia.org/public-camera-data/Axis-Grapevine2/latest-frame.jpg
Mt. Frazier 1,mtfrazier,alertcalifornia,active,online,Ventura,Mt. Frazier 2,-118.96,34.77,https://cameras.alertcalifornia.org/?id=Axis-MtFrazier1,https://cameras.alertcalifornia.org/?pos=34.77_-118.96_10,https://cameras.alertcalifornia.org/public-camera-data/Axis-MtFrazier1/latest-frame.jpg
Mt. Frazier 2,mtfrazier,alertcalifornia,active,online,Ventura,Mt. Frazier 1,-118.96,34.77,https://cameras.alertcalifornia.org/?id=Axis-MtFrazier2,https://cameras.alertcalifornia.org/?pos=34.77_-118.96_10,https://cameras.alertcalifornia.org/public-camera-data/Axis-MtFrazier2/latest-frame.jpg
Tecuya Mtn. 1,tecuyamtn,alertcalifornia,active,online,Kern,Tecuya Mtn. 2,-118.99,34.83,https://cameras.alertcalifornia.org/?id=Axis-TecuyaMtn1,https://cameras.alertcalifornia.org/?pos=34.83_-118.99_10,https://cameras.alertcalifornia.org/public-camera-data/Axis-TecuyaMtn1/latest-frame.jpg
Tecuya Mtn. 2,tecuyamtn,alertcalifornia,active,online,Kern,Tecuya Mtn. 1,-118.99,34.83,https://cameras.alertcalifornia.org/?id=Axis-TecuyaMtn2,https://cameras.alertcalifornia.org/?pos=34.83_-118.99_10,https://cameras.alertcalifornia.org/public-camera-data/Axis-TecuyaMtn2/latest-frame.jpg
Sawmill Kern 1,sawmillkern,alertcalifornia,active,offline,Kern,Sawmill Kern 2,-119.14,34.83,https://cameras.alertcalifornia.org/?id=Axis-SawmillKern1,https://cameras.alertcalifornia.org/?pos=34.83_-119.14_10,https://cameras.alertcalifornia.org/public-camera-data/Axis-SawmillKern1/latest-frame.jpg
Sawmill Kern 2,sawmillkern,alertcalifornia,active,offline,Kern,Sawmill Kern 1,-119.14,34.83,https://cameras.alertcalifornia.org/?id=Axis-SawmillKern2,https://cameras.alertcalifornia.org/?pos=34.83_-119.14_10,https://cameras.alertcalifornia.org/public-camera-data/Axis-SawmillKern2/latest-frame.jpg
Mt. Abel 1,mtabel,alertcalifornia,active,online,Kern,Mt. Abel 2,-119.2,34.82,https://cameras.alertcalifornia.org/?id=Axis-MtAbel1,https://cameras.alertcalifornia.org/?pos=34.82_-119.20_10,https://cameras.alertcalifornia.org/public-camera-data/Axis-MtAbel1/latest-frame.jpg
Mt. Abel 2,mtabel,alertcalifornia,active,online,Kern,Mt. Abel 1,-119.2,34.82,https://cameras.alertcalifornia.org/?id=Axis-MtAbel2,https://cameras.alertcalifornia.org/?pos=34.82_-119.20_10,https://cameras.alertcalifornia.org/public-camera-data/Axis-MtAbel2/latest-frame.jpg
Mt. Provo,mtprovo,alertcalifornia,active,online,Tuolumne,,-120.23,38.01,https://cameras.alertcalifornia.org/?id=Axis-MtProvo,https://cameras.alertcalifornia.org/?pos=38.01_-120.23_10,https://cameras.alertcalifornia.org/public-camera-data/Axis-MtProvo/latest-frame.jpg
Mt. Lewis Tuolumne 1,mtlewistuolumne,alertcalifornia,active,online,Tuolumne,Mt. Lewis Tuolumne 2,-120.16,38.03,https://cameras.alertcalifornia.org/?id=Axis-MtLewisTuolumne,https://cameras.alertcalifornia.org/?pos=38.03_-120.16_10,https://cameras.alertcalifornia.org/public-camera-data/Axis-MtLewisTuolumne/latest-frame.jpg
Mt. Lewis Tuolumne 2,mtlewistuolumne,alertcalifornia,active,online,Tuolumne,Mt. Lewis Tuolumne 1,-120.16,38.03,https://cameras.alertcalifornia.org/?id=Axis-MtLewisTuolumne2,https://cameras.alertcalifornia.org/?pos=38.03_-120.16_10,https://cameras.alertcalifornia.org/public-camera-data/Axis-MtLewisTuolumne2/latest-frame.jpg
Duckwall 1,duckwall,alertcalifornia,active,online,Tuolumne,Duckwall 2,-120.11,37.96,https://cameras.alertcalifornia.org/?id=Axis-Duckwall,https://cameras.alertcalifornia.org/?pos=37.96_-120.11_10,https://cameras.alertcalifornia.org/public-camera-data/Axis-Duckwall/latest-frame.jpg
Duckwall 2,duckwall,alertcalifornia,active,online,Tuolumne,Duckwall 3,-120.11,37.96,https://cameras.alertcalifornia.org/?id=Axis-Duckwall2,https://cameras.alertcalifornia.org/?pos=37.96_-120.11_10,https://cameras.alertcalifornia.org/public-camera-data/Axis-Duckwall2/latest-frame.jpg
Cherry Lake Rd,cherrylake,alertcalifornia,active,online,Tuolumne,,-120,37.85,https://cameras.alertcalifornia.org/?id=Axis-CherryLake,https://cameras.alertcalifornia.org/?pos=37.85_-120.00_10,https://cameras.alertcalifornia.org/public-camera-data/Axis-CherryLake/latest-frame.jpg
Yosemite Lakes,yosemitelakes,alertcalifornia,active,online,Tuolumne,,-119.94,37.8,https://cameras.alertcalifornia.org/?id=Axis-YosemiteLakes,https://cameras.alertcalifornia.org/?pos=37.80_-119.94_10,https://cameras.alertcalifornia.org/public-camera-data/Axis-YosemiteLakes/latest-frame.jpg
Ponderosa,ponderosa,alertcalifornia,active,online,Tuolumne,,-120.18,37.82,https://cameras.alertcalifornia.org/?id=Axis-Ponderosa,https://cameras.alertcalifornia.org/?pos=37.82_-120.18_10,https://cameras.alertcalifornia.org/public-camera-data/Axis-Ponderosa/latest-frame.jpg
Merrell Rd,merrell,alertcalifornia,active,online,Tuolumne,,-120.22,37.82,https://cameras.alertcalifornia.org/?id=Axis-Merrell,https://cameras.alertcalifornia.org/?pos=37.82_-120.22_10,https://cameras.alertcalifornia.org/public-camera-data/Axis-Merrell/latest-frame.jpg
Moccasin Peak 1,moccasinpeak,alertcalifornia,active,online,Tuolumne,Moccasin Peak 2,-120.32,37.8,https://cameras.alertcalifornia.org/?id=Axis-MoccasinPeak,https://cameras.alertcalifornia.org/?pos=37.80_-120.32_10,https://cameras.alertcalifornia.org/public-camera-data/Axis-MoccasinPeak/latest-frame.jpg
Moccasin Peak 2,moccasinpeak,alertcalifornia,active,online,Tuolumne,Moccasin Peak 1,-120.32,37.8,https://cameras.alertcalifornia.org/?id=Axis-MoccasinPeak2,https://cameras.alertcalifornia.org/?pos=37.80_-120.32_10,https://cameras.alertcalifornia.org/public-camera-data/Axis-MoccasinPeak2/latest-frame.jpg
Edith Hill 1,edith,alertcalifornia,active,online,Mariposa,Edith Hill 2,-120.12,37.74,https://cameras.alertcalifornia.org/?id=Axis-Edith,https://cameras.alertcalifornia.org/?pos=37.74_-120.12_10,https://cameras.alertcalifornia.org/public-camera-data/Axis-Edith/latest-frame.jpg
Edith Hill 2,edith,alertcalifornia,active,online,Mariposa,Edith Hill 1,-120.12,37.74,https://cameras.alertcalifornia.org/?id=Axis-Edith2,https://cameras.alertcalifornia.org/?pos=37.74_-120.12_10,https://cameras.alertcalifornia.org/public-camera-data/Axis-Edith2/latest-frame.jpg
Greeley Hill 1,greeleyhill,alertcalifornia,active,online,Mariposa,Greeley Hill 2,-120.15,37.73,https://cameras.alertcalifornia.org/?id=Axis-GreeleyHill,https://cameras.alertcalifornia.org/?pos=37.73_-120.15_10,https://cameras.alertcalifornia.org/public-camera-data/Axis-GreeleyHill/latest-frame.jpg
Greeley Hill 2,greeleyhill,alertcalifornia,active,online,Mariposa,Greeley Hill 1,-120.15,37.73,https://cameras.alertcalifornia.org/?id=Axis-GreeleyHill2,https://cameras.alertcalifornia.org/?pos=37.73_-120.15_10,https://cameras.alertcalifornia.org/public-camera-data/Axis-GreeleyHill2/latest-frame.jpg
Buckhorn Peak,buckhorn,alertcalifornia,active,online,Mariposa,,-120.12,37.66,https://cameras.alertcalifornia.org/?id=Axis-Buckhorn,https://cameras.alertcalifornia.org/?pos=37.66_-120.12_10,https://cameras.alertcalifornia.org/public-camera-data/Axis-Buckhorn/latest-frame.jpg
Yosemite West 1,yosemitewest,alertcalifornia,active,online,Mariposa,Yosemite West 2,-119.77,37.65,https://cameras.alertcalifornia.org/?id=Axis-YosemiteWest,https://cameras.alertcalifornia.org/?pos=37.65_-119.77_10,https://cameras.alertcalifornia.org/public-camera-data/Axis-YosemiteWest/latest-frame.jpg
Yosemite West 2,yosemitewest,alertcalifornia,active,online,Mariposa,Yosemite West 1,-119.77,37.65,https://cameras.alertcalifornia.org/?id=Axis-YosemiteWest2,https://cameras.alertcalifornia.org/?pos=37.65_-119.77_10,https://cameras.alertcalifornia.org/public-camera-data/Axis-YosemiteWest2/latest-frame.jpg
Mt. Bullion 1,bullion,alertcalifornia,active,online,Mariposa,Mt. Bullion 2,-120.02,37.53,https://cameras.alertcalifornia.org/?id=Axis-Bullion,https://cameras.alertcalifornia.org/?pos=37.53_-120.02_10,https://cameras.alertcalifornia.org/public-camera-data/Axis-Bullion/latest-frame.jpg
Mt. Bullion 2,bullion,alertcalifornia,active,online,Mariposa,Mt. Bullion 1,-120.02,37.53,https://cameras.alertcalifornia.org/?id=Axis-Bullion2,https://cameras.alertcalifornia.org/?pos=37.53_-120.02_10,https://cameras.alertcalifornia.org/public-camera-data/Axis-Bullion2/latest-frame.jpg
Signal Peak Lookout 1,signalpeaklookout,alertcalifornia,active,online,Mariposa,Signal Peak Lookout 2,-119.74,37.52,https://cameras.alertcalifornia.org/?id=Axis-SignalPeakLookout1,https://cameras.alertcalifornia.org/?pos=37.52_-119.74_10,https://cameras.alertcalifornia.org/public-camera-data/Axis-SignalPeakLookout1/latest-frame.jpg
Signal Peak Lookout 2,signalpeaklookout,alertcalifornia,active,online,Mariposa,Signal Peak Lookout 1,-119.74,37.52,https://cameras.alertcalifornia.org/?id=Axis-SignalPeakLookout2,https://cameras.alertcalifornia.org/?pos=37.52_-119.74_10,https://cameras.alertcalifornia.org/public-camera-data/Axis-SignalPeakLookout2/latest-frame.jpg
Merced 1,merced,alertcalifornia,active,online,Merced,Merced 2,-120.44,37.42,https://cameras.alertcalifornia.org/?id=Axis-Merced1,https://cameras.alertcalifornia.org/?pos=37.42_-120.44_10,https://cameras.alertcalifornia.org/public-camera-data/Axis-Merced1/latest-frame.jpg
Merced 2,merced,alertcalifornia,active,online,Merced,Merced 1,-120.44,37.42,https://cameras.alertcalifornia.org/?id=Axis-Merced2,https://cameras.alertcalifornia.org/?pos=37.42_-120.44_10,https://cameras.alertcalifornia.org/public-camera-data/Axis-Merced2/latest-frame.jpg
June Mountain 1,junemountain,alertcalifornia,active,offline,Mono,June Mountain 2,-119.05,37.74,https://cameras.alertcalifornia.org/?id=Axis-JuneMountain1,https://cameras.alertcalifornia.org/?pos=37.74_-119.05_10,https://cameras.alertcalifornia.org/public-camera-data/Axis-JuneMountain1/latest-frame.jpg
June Mountain 2,junemountain,alertcalifornia,active,online,Mono,June Mountain 1,-119.05,37.74,https://cameras.alertcalifornia.org/?id=Axis-JuneMountain2,https://cameras.alertcalifornia.org/?pos=37.74_-119.05_10,https://cameras.alertcalifornia.org/public-camera-data/Axis-JuneMountain2/latest-frame.jpg
Mammoth Mtn. 1,mammothmtn,alertcalifornia,active,online,Madera,Mammoth Mtn. 2,-119.03,37.63,https://cameras.alertcalifornia.org/?id=Axis-MammothMtn1,https://cameras.alertcalifornia.org/?pos=37.63_-119.03_10,https://cameras.alertcalifornia.org/public-camera-data/Axis-MammothMtn1/latest-frame.jpg
Mammoth Mtn. 2,mammothmtn,alertcalifornia,active,online,Madera,Mammoth Mtn. 1,-119.03,37.63,https://cameras.alertcalifornia.org/?id=Axis-MammothMtn2,https://cameras.alertcalifornia.org/?pos=37.63_-119.03_10,https://cameras.alertcalifornia.org/public-camera-data/Axis-MammothMtn2/latest-frame.jpg
Panoche Mtn. 1,panochemtn,alertcalifornia,active,online,Fresno,Panoche Mtn. 2,-120.76,36.72,https://cameras.alertcalifornia.org/?id=Axis-PanocheMtn1,https://cameras.alertcalifornia.org/?pos=36.72_-120.76_10,https://cameras.alertcalifornia.org/public-camera-data/Axis-PanocheMtn1/latest-frame.jpg
Panoche Mtn. 2,panochemtn,alertcalifornia,active,online,Fresno,Panoche Mtn. 1,-120.76,36.72,https://cameras.alertcalifornia.org/?id=Axis-PanocheMtn2,https://cameras.alertcalifornia.org/?pos=36.72_-120.76_10,https://cameras.alertcalifornia.org/public-camera-data/Axis-PanocheMtn2/latest-frame.jpg
San Benito Mtn. 1,sanbenitomtn,alertcalifornia,active,online,San Benito,San Benito Mtn. 2,-120.64,36.36,https://cameras.alertcalifornia.org/?id=Axis-SanBenitoMtn1,https://cameras.alertcalifornia.org/?pos=36.36_-120.64_10,https://cameras.alertcalifornia.org/public-camera-data/Axis-SanBenitoMtn1/latest-frame.jpg
San Benito Mtn. 2,sanbenitomtn,alertcalifornia,active,online,San Benito,San Benito Mtn. 1,-120.64,36.36,https://cameras.alertcalifornia.org/?id=Axis-SanBenitoMtn2,https://cameras.alertcalifornia.org/?pos=36.36_-120.64_10,https://cameras.alertcalifornia.org/public-camera-data/Axis-SanBenitoMtn2/latest-frame.jpg
Joaquin Ridge,joaquinridge,alertcalifornia,active,online,Fresno,,-120.4,36.3,https://cameras.alertcalifornia.org/?id=Axis-JoaquinRidge,https://cameras.alertcalifornia.org/?pos=36.30_-120.40_10,https://cameras.alertcalifornia.org/public-camera-data/Axis-JoaquinRidge/latest-frame.jpg
Parkfield 1,parkfield,alertcalifornia,active,online,Monterey,Parkfield 2,-120.38,35.92,https://cameras.alertcalifornia.org/?id=Axis-Parkfield1,https://cameras.alertcalifornia.org/?pos=35.92_-120.38_10,https://cameras.alertcalifornia.org/public-camera-data/Axis-Parkfield1/latest-frame.jpg
Parkfield 2,parkfield,alertcalifornia,active,online,Monterey,Parkfield 1,-120.38,35.92,https://cameras.alertcalifornia.org/?id=Axis-Parkfield2,https://cameras.alertcalifornia.org/?pos=35.92_-120.38_10,https://cameras.alertcalifornia.org/public-camera-data/Axis-Parkfield2/latest-frame.jpg
Duncan Ranch 1,duncanranch,alertcalifornia,active,online,Kern,Duncan Ranch 2,-120.17,35.77,https://cameras.alertcalifornia.org/?id=Axis-DuncanRanch1,https://cameras.alertcalifornia.org/?pos=35.77_-120.17_10,https://cameras.alertcalifornia.org/public-camera-data/Axis-DuncanRanch1/latest-frame.jpg
Duncan Ranch 2,duncanranch,alertcalifornia,active,online,Kern,Duncan Ranch 1,-120.17,35.77,https://cameras.alertcalifornia.org/?id=Axis-DuncanRanch2,https://cameras.alertcalifornia.org/?pos=35.77_-120.17_10,https://cameras.alertcalifornia.org/public-camera-data/Axis-DuncanRanch2/latest-frame.jpg
Shandon 1,shandon,alertcalifornia,active,online,San Luis Obispo,Shandon 2,-120.35,35.65,https://cameras.alertcalifornia.org/?id=Axis-Shandon1,https://cameras.alertcalifornia.org/?pos=35.65_-120.35_10,https://cameras.alertcalifornia.org/public-camera-data/Axis-Shandon1/latest-frame.jpg
Shandon 2,shandon,alertcalifornia,active,online,San Luis Obispo,Shandon 1,-120.35,35.65,https://cameras.alertcalifornia.org/?id=Axis-Shandon2,https://cameras.alertcalifornia.org/?pos=35.65_-120.35_10,https://cameras.alertcalifornia.org/public-camera-data/Axis-Shandon2/latest-frame.jpg
Lost Hills 1,losthills,alertcalifornia,active,online,Kern,Lost Hills 2,-119.79,35.58,https://cameras.alertcalifornia.org/?id=Axis-LostHills1,https://cameras.alertcalifornia.org/?pos=35.58_-119.79_10,https://cameras.alertcalifornia.org/public-camera-data/Axis-LostHills1/latest-frame.jpg
Lost Hills 2,losthills,alertcalifornia,active,online,Kern,Lost Hills 1,-119.79,35.58,https://cameras.alertcalifornia.org/?id=Axis-LostHills2,https://cameras.alertcalifornia.org/?pos=35.58_-119.79_10,https://cameras.alertcalifornia.org/public-camera-data/Axis-LostHills2/latest-frame.jpg
Cedar Canyon 1,cedarcanyon,alertcalifornia,active,online,Kern,Cedar Canyon 2,-120.01,35.48,https://cameras.alertcalifornia.org/?id=Axis-CedarCanyon1,https://cameras.alertcalifornia.org/?pos=35.48_-120.01_10,https://cameras.alertcalifornia.org/public-camera-data/Axis-CedarCanyon1/latest-frame.jpg
Cedar Canyon 2,cedarcanyon,alertcalifornia,active,online,Kern,Cedar Canyon 1,-120.01,35.48,https://cameras.alertcalifornia.org/?id=Axis-CedarCanyon2,https://cameras.alertcalifornia.org/?pos=35.48_-120.01_10,https://cameras.alertcalifornia.org/public-camera-data/Axis-CedarCanyon2/latest-frame.jpg
CRD 60,krncrd60,alertcalifornia,active,offline,Kern,,-119.76,35.44,https://cameras.alertcalifornia.org/?id=Axis-KRNCRD60,https://cameras.alertcalifornia.org/?pos=35.44_-119.76_10,https://cameras.alertcalifornia.org/public-camera-data/Axis-KRNCRD60/latest-frame.jpg
Black Mtn. 1 (San Luis Obispo),blackmtnslo,alertcalifornia,active,online,San Luis Obispo,Black Mtn. 2 (San Luis Obispo),-120.35,35.39,https://cameras.alertcalifornia.org/?id=Axis-BlackMtnSLO,https://cameras.alertcalifornia.org/?pos=35.39_-120.35_10,https://cameras.alertcalifornia.org/public-camera-data/Axis-BlackMtnSLO/latest-frame.jpg
Black Mtn. 2 (San Luis Obispo),blackmtnslo,alertcalifornia,active,online,San Luis Obispo,Black Mtn. 1 (San Luis Obispo),-120.35,35.39,https://cameras.alertcalifornia.org/?id=Axis-BlackMtnSLO2,https://cameras.alertcalifornia.org/?pos=35.39_-120.35_10,https://cameras.alertcalifornia.org/public-camera-data/Axis-BlackMtnSLO2/latest-frame.jpg
Lopez Hill 1,lopezhill,alertcalifornia,active,online,San Luis Obispo,Lopez Hill 2,-120.48,35.17,https://cameras.alertcalifornia.org/?id=Axis-LopezHill,https://cameras.alertcalifornia.org/?pos=35.17_-120.48_10,https://cameras.alertcalifornia.org/public-camera-data/Axis-LopezHill/latest-frame.jpg
Lopez Hill 2,lopezhill,alertcalifornia,active,online,San Luis Obispo,Lopez Hill 1,-120.48,35.17,https://cameras.alertcalifornia.org/?id=Axis-LopezHill2,https://cameras.alertcalifornia.org/?pos=35.17_-120.48_10,https://cameras.alertcalifornia.org/public-camera-data/Axis-LopezHill2/latest-frame.jpg
McKittrick Summit North,mckittrick,alertcalifornia,active,online,Kern,McKittrick Summit South,-119.76,35.29,https://cameras.alertcalifornia.org/?id=Axis-McKittrickNorth,https://cameras.alertcalifornia.org/?pos=35.29_-119.76_10,https://cameras.alertcalifornia.org/public-camera-data/Axis-McKittrickNorth/latest-frame.jpg
McKittrick Summit South,mckittrick,alertcalifornia,active,online,Kern,McKittrick Summit North,-119.76,35.29,https://cameras.alertcalifornia.org/?id=Axis-McKittrickSouth,https://cameras.alertcalifornia.org/?pos=35.29_-119.76_10,https://cameras.alertcalifornia.org/public-camera-data/Axis-McKittrickSouth/latest-frame.jpg
California Valley 1,californiavalley,alertcalifornia,active,online,San Luis Obispo,California Valley 2,-119.98,35.27,https://cameras.alertcalifornia.org/?id=Axis-CaliforniaValley1,https://cameras.alertcalifornia.org/?pos=35.27_-119.98_10,https://cameras.alertcalifornia.org/public-camera-data/Axis-CaliforniaValley1/latest-frame.jpg
California Valley 2,californiavalley,alertcalifornia,active,online,San Luis Obispo,California Valley 1,-119.98,35.27,https://cameras.alertcalifornia.org/?id=Axis-CaliforniaValley2,https://cameras.alertcalifornia.org/?pos=35.27_-119.98_10,https://cameras.alertcalifornia.org/public-camera-data/Axis-CaliforniaValley2/latest-frame.jpg
La Panza 1,lapanza,alertcalifornia,active,online,San Luis Obispo,La Panza 2,-120.13,35.22,https://cameras.alertcalifornia.org/?id=Axis-LaPanza,https://cameras.alertcalifornia.org/?pos=35.22_-120.13_10,https://cameras.alertcalifornia.org/public-camera-data/Axis-LaPanza/latest-frame.jpg
La Panza 2,lapanza,alertcalifornia,active,online,San Luis Obispo,La Panza 1,-120.13,35.22,https://cameras.alertcalifornia.org/?id=Axis-LaPanza2,https://cameras.alertcalifornia.org/?pos=35.22_-120.13_10,https://cameras.alertcalifornia.org/public-camera-data/Axis-LaPanza2/latest-frame.jpg
Plowshare Peak,plowshare,alertcalifornia,active,online,Santa Barbara,,-120.04,35.05,https://cameras.alertcalifornia.org/?id=Axis-PlowsharePeak,https://cameras.alertcalifornia.org/?pos=35.05_-120.04_10,https://cameras.alertcalifornia.org/public-camera-data/Axis-PlowsharePeak/latest-frame.jpg
Tepusquet Peak 1,tepusquetpeak,alertcalifornia,active,online,Santa Barbara,Tepusquet Peak 2,-120.18,34.91,https://cameras.alertcalifornia.org/?id=Axis-TepusquetPeak1,https://cameras.alertcalifornia.org/?pos=34.91_-120.18_10,https://cameras.alertcalifornia.org/public-camera-data/Axis-TepusquetPeak1/latest-frame.jpg
Tepusquet Peak 2,tepusquetpeak,alertcalifornia,active,online,Santa Barbara,Tepusquet Peak 1,-120.18,34.91,https://cameras.alertcalifornia.org/?id=Axis-TepusquetPeak2,https://cameras.alertcalifornia.org/?pos=34.91_-120.18_10,https://cameras.alertcalifornia.org/public-camera-data/Axis-TepusquetPeak2/latest-frame.jpg
Grass Mtn. (Santa Barbara) 1,grassmountain,alertcalifornia,active,online,Santa Barbara,Grass Mtn. (Santa Barbara) 2,-120.06,34.75,https://cameras.alertcalifornia.org/?id=Axis-GrassMountain1,https://cameras.alertcalifornia.org/?pos=34.75_-120.06_10,https://cameras.alertcalifornia.org/public-camera-data/Axis-GrassMountain1/latest-frame.jpg
Grass Mtn. (Santa Barbara) 2,grassmountain,alertcalifornia,active,online,Santa Barbara,Grass Mtn. (Santa Barbara) 1,-120.06,34.75,https://cameras.alertcalifornia.org/?id=Axis-GrassMountain2,https://cameras.alertcalifornia.org/?pos=34.75_-120.06_10,https://cameras.alertcalifornia.org/public-camera-data/Axis-GrassMountain2/latest-frame.jpg
Figueroa 1,figueroa,alertcalifornia,active,online,Santa Barbara,Figueroa 2,-119.99,34.72,https://cameras.alertcalifornia.org/?id=Axis-Figueroa1,https://cameras.alertcalifornia.org/?pos=34.72_-119.99_10,https://cameras.alertcalifornia.org/public-camera-data/Axis-Figueroa1/latest-frame.jpg
Figueroa 2,figueroa,alertcalifornia,active,online,Santa Barbara,Figueroa 1,-119.99,34.72,https://cameras.alertcalifornia.org/?id=Axis-Figueroa2,https://cameras.alertcalifornia.org/?pos=34.72_-119.99_10,https://cameras.alertcalifornia.org/public-camera-data/Axis-Figueroa2/latest-frame.jpg
Sedgwick Reserve Fire Lookout N,sedgwickreserve,alertcalifornia,active,online,Santa Barbara,Sedgwick Reserve Fire Lookout S,-120.04,34.7,https://cameras.alertcalifornia.org/?id=Axis-SedgwickReserve1,https://cameras.alertcalifornia.org/?pos=34.70_-120.04_10,https://cameras.alertcalifornia.org/public-camera-data/Axis-SedgwickReserve1/latest-frame.jpg
Sedgwick Reserve Fire Lookout S,sedgwickreserve,alertcalifornia,active,online,Santa Barbara,Sedgwick Reserve Fire Lookout N,-120.04,34.7,https://cameras.alertcalifornia.org/?id=Axis-SedgwickReserve2,https://cameras.alertcalifornia.org/?pos=34.70_-120.04_10,https://cameras.alertcalifornia.org/public-camera-data/Axis-SedgwickReserve2/latest-frame.jpg
Refugio 1,refugio,alertcalifornia,active,online,Santa Barbara,Refugio 2,-120.07,34.53,https://cameras.alertcalifornia.org/?id=Axis-Refugio1,https://cameras.alertcalifornia.org/?pos=34.53_-120.07_10,https://cameras.alertcalifornia.org/public-camera-data/Axis-Refugio1/latest-frame.jpg
Refugio 2,refugio,alertcalifornia,active,online,Santa Barbara,Refugio 1,-120.07,34.53,https://cameras.alertcalifornia.org/?id=Axis-Refugio2,https://cameras.alertcalifornia.org/?pos=34.53_-120.07_10,https://cameras.alertcalifornia.org/public-camera-data/Axis-Refugio2/latest-frame.jpg
Santa Ynez Peak,santaynezpeak,alertcalifornia,active,online,Santa Barbara,,-119.97,34.52,https://cameras.alertcalifornia.org/?id=Axis-SYP,https://cameras.alertcalifornia.org/?pos=34.52_-119.97_10,https://cameras.alertcalifornia.org/public-camera-data/Axis-SYP/latest-frame.jpg
Santa Ynez Peak West 1,santaynezpeakwest,alertcalifornia,active,online,Santa Barbara,Santa Ynez Peak West 2,-119.97,34.52,https://cameras.alertcalifornia.org/?id=Axis-SantaYnezPeakWest1,https://cameras.alertcalifornia.org/?pos=34.52_-119.97_10,https://cameras.alertcalifornia.org/public-camera-data/Axis-SantaYnezPeakWest1/latest-frame.jpg
Santa Ynez Peak West 2,santaynezpeakwest,alertcalifornia,active,online,Santa Barbara,Santa Ynez Peak West 1,-119.97,34.52,https://cameras.alertcalifornia.org/?id=Axis-SantaYnezPeakWest2,https://cameras.alertcalifornia.org/?pos=34.52_-119.97_10,https://cameras.alertcalifornia.org/public-camera-data/Axis-SantaYnezPeakWest2/latest-frame.jpg
UCSB Campus,ucsbcampus,alertcalifornia,active,online,Santa Barbara,,-119.84,34.41,https://cameras.alertcalifornia.org/?id=Axis-UCSBCampus,https://cameras.alertcalifornia.org/?pos=34.41_-119.84_10,https://cameras.alertcalifornia.org/public-camera-data/Axis-UCSBCampus/latest-frame.jpg
Gibraltar 1,gibraltar,alertcalifornia,active,online,Santa Barbara,Gibraltar 2,-119.67,34.46,https://cameras.alertcalifornia.org/?id=Axis-Gibraltar1,https://cameras.alertcalifornia.org/?pos=34.46_-119.67_10,https://cameras.alertcalifornia.org/public-camera-data/Axis-Gibraltar1/latest-frame.jpg
Gibraltar 2,gibraltar,alertcalifornia,active,online,Santa Barbara,Gibraltar 1,-119.67,34.46,https://cameras.alertcalifornia.org/?id=Axis-Gibraltar2,https://cameras.alertcalifornia.org/?pos=34.46_-119.67_10,https://cameras.alertcalifornia.org/public-camera-data/Axis-Gibraltar2/latest-frame.jpg
TV Hill 1,tvhillmontecito,alertcalifornia,active,online,Santa Barbara,TV Hill 2,-119.7,34.41,https://cameras.alertcalifornia.org/?id=Axis-TVHillMontecito1,https://cameras.alertcalifornia.org/?pos=34.41_-119.70_10,https://cameras.alertcalifornia.org/public-camera-data/Axis-TVHillMontecito1/latest-frame.jpg
TV Hill 2,tvhillmontecito,alertcalifornia,active,online,Santa Barbara,TV Hill 1,-119.7,34.41,https://cameras.alertcalifornia.org/?id=Axis-TVHillMontecito2,https://cameras.alertcalifornia.org/?pos=34.41_-119.70_10,https://cameras.alertcalifornia.org/public-camera-data/Axis-TVHillMontecito2/latest-frame.jpg
Ortega Ridge 1,ortegaridge,alertcalifornia,active,online,Santa Barbara,Ortega Ridge 2,-119.59,34.43,https://cameras.alertcalifornia.org/?id=Axis-OrtegaRidge1,https://cameras.alertcalifornia.org/?pos=34.43_-119.59_10,https://cameras.alertcalifornia.org/public-camera-data/Axis-OrtegaRidge1/latest-frame.jpg
Ortega Ridge 2,ortegaridge,alertcalifornia,active,online,Santa Barbara,Ortega Ridge 1,-119.59,34.43,https://cameras.alertcalifornia.org/?id=Axis-OrtegaRidge2,https://cameras.alertcalifornia.org/?pos=34.43_-119.59_10,https://cameras.alertcalifornia.org/public-camera-data/Axis-OrtegaRidge2/latest-frame.jpg
Mt. Rincon 1,rincon,alertcalifornia,active,online,Ventura,Mt. Rincon 2,-119.42,34.37,https://cameras.alertcalifornia.org/?id=Axis-Rincon1,https://cameras.alertcalifornia.org/?pos=34.37_-119.42_10,https://cameras.alertcalifornia.org/public-camera-data/Axis-Rincon1/latest-frame.jpg
Mt. Rincon 2,rincon,alertcalifornia,active,online,Ventura,Mt. Rincon 1,-119.42,34.37,https://cameras.alertcalifornia.org/?id=Axis-Rincon2,https://cameras.alertcalifornia.org/?pos=34.37_-119.42_10,https://cameras.alertcalifornia.org/public-camera-data/Axis-Rincon2/latest-frame.jpg
Red Mtn. (Ventura) 1,khay,alertcalifornia,active,online,Ventura,Red Mtn. (Ventura) 2,-119.33,34.34,https://cameras.alertcalifornia.org/?id=Axis-KHAY1,https://cameras.alertcalifornia.org/?pos=34.34_-119.33_10,https://cameras.alertcalifornia.org/public-camera-data/Axis-KHAY1/latest-frame.jpg
Red Mtn. (Ventura) 2,khay,alertcalifornia,active,online,Ventura,Red Mtn. (Ventura) 1,-119.33,34.34,https://cameras.alertcalifornia.org/?id=Axis-KHAY2,https://cameras.alertcalifornia.org/?pos=34.34_-119.33_10,https://cameras.alertcalifornia.org/public-camera-data/Axis-KHAY2/latest-frame.jpg
Matilija 1,beehill,alertcalifornia,active,online,Ventura,Matilija 2,-119.29,34.48,https://cameras.alertcalifornia.org/?id=Axis-BeeHill1,https://cameras.alertcalifornia.org/?pos=34.48_-119.29_10,https://cameras.alertcalifornia.org/public-camera-data/Axis-BeeHill1/latest-frame.jpg
Matilija 2,beehill,alertcalifornia,active,online,Ventura,Matilija 1,-119.29,34.48,https://cameras.alertcalifornia.org/?id=Axis-BeeHill2,https://cameras.alertcalifornia.org/?pos=34.48_-119.29_10,https://cameras.alertcalifornia.org/public-camera-data/Axis-BeeHill2/latest-frame.jpg
Cross 1 (Oakview 1) ,cross,alertcalifornia,active,online,Ventura,Cross 2 (Oakview 2),-119.31,34.41,https://cameras.alertcalifornia.org/?id=Axis-Cross1,https://cameras.alertcalifornia.org/?pos=34.41_-119.31_10,https://cameras.alertcalifornia.org/public-camera-data/Axis-Cross1/latest-frame.jpg
Cross 2 (Oakview 2) ,cross,alertcalifornia,active,online,Ventura,Cross 1 (Oakview 1),-119.31,34.41,https://cameras.alertcalifornia.org/?id=Axis-Cross2,https://cameras.alertcalifornia.org/?pos=34.41_-119.31_10,https://cameras.alertcalifornia.org/public-camera-data/Axis-Cross2/latest-frame.jpg
Topatopa Foothills 1,foothill,alertcalifornia,active,online,Ventura,Topatopa Foothills 2,-119.25,34.46,https://cameras.alertcalifornia.org/?id=Axis-Foothill1,https://cameras.alertcalifornia.org/?pos=34.46_-119.25_10,https://cameras.alertcalifornia.org/public-camera-data/Axis-Foothill1/latest-frame.jpg
Topatopa Foothills 2,foothill,alertcalifornia,active,online,Ventura,Topatopa Foothills 1,-119.25,34.46,https://cameras.alertcalifornia.org/?id=Axis-Foothill2,https://cameras.alertcalifornia.org/?pos=34.46_-119.25_10,https://cameras.alertcalifornia.org/public-camera-data/Axis-Foothill2/latest-frame.jpg
Ladera Ridge 1,hermitage,alertcalifornia,active,online,Ventura,Ladera Ridge 2,-119.21,34.47,https://cameras.alertcalifornia.org/?id=Axis-Hermitage1,https://cameras.alertcalifornia.org/?pos=34.47_-119.21_10,https://cameras.alertcalifornia.org/public-camera-data/Axis-Hermitage1/latest-frame.jpg
Ladera Ridge 2,hermitage,alertcalifornia,active,online,Ventura,Ladera Ridge 1,-119.21,34.47,https://cameras.alertcalifornia.org/?id=Axis-Hermitage2,https://cameras.alertcalifornia.org/?pos=34.47_-119.21_10,https://cameras.alertcalifornia.org/public-camera-data/Axis-Hermitage2/latest-frame.jpg
Crimea Fire 1 (Red Tower),redtower,alertcalifornia,active,online,Ventura,Crimea Fire 2 (Red Tower),-119.27,34.29,https://cameras.alertcalifornia.org/?id=Axis-RedTower1,https://cameras.alertcalifornia.org/?pos=34.29_-119.27_10,https://cameras.alertcalifornia.org/public-camera-data/Axis-RedTower1/latest-frame.jpg
Crimea Fire 2 (Red Tower),redtower,alertcalifornia,active,online,Ventura,Crimea Fire 1 (Red Tower),-119.27,34.29,https://cameras.alertcalifornia.org/?id=Axis-RedTower2,https://cameras.alertcalifornia.org/?pos=34.29_-119.27_10,https://cameras.alertcalifornia.org/public-camera-data/Axis-RedTower2/latest-frame.jpg
Willis Peak 1,willispeak,alertcalifornia,active,online,Ventura,Willis Peak 2,-119.23,34.3,https://cameras.alertcalifornia.org/?id=Axis-WillisPeak1,https://cameras.alertcalifornia.org/?pos=34.30_-119.23_10,https://cameras.alertcalifornia.org/public-camera-data/Axis-WillisPeak1/latest-frame.jpg
Willis Peak 2,willispeak,alertcalifornia,active,online,Ventura,Willis Peak 1,-119.23,34.3,https://cameras.alertcalifornia.org/?id=Axis-WillisPeak2,https://cameras.alertcalifornia.org/?pos=34.30_-119.23_10,https://cameras.alertcalifornia.org/public-camera-data/Axis-WillisPeak2/latest-frame.jpg
Sulphur Mtn. 1 (Willet),willet,alertcalifornia,active,online,Ventura,Sulphur Mtn. 2 (Willet),-119.18,34.41,https://cameras.alertcalifornia.org/?id=Axis-Willet1,https://cameras.alertcalifornia.org/?pos=34.41_-119.18_10,https://cameras.alertcalifornia.org/public-camera-data/Axis-Willet1/latest-frame.jpg
Sulphur Mtn. 2 (Willet),willet,alertcalifornia,active,online,Ventura,Sulphur Mtn. 1 (Willet),-119.18,34.41,https://cameras.alertcalifornia.org/?id=Axis-Willet2,https://cameras.alertcalifornia.org/?pos=34.41_-119.18_10,https://cameras.alertcalifornia.org/public-camera-data/Axis-Willet2/latest-frame.jpg
Upper Ojai 1,sulphureast,alertcalifornia,active,online,Ventura,Upper Ojai 2,-119.15,34.42,https://cameras.alertcalifornia.org/?id=Axis-SulphurEast1,https://cameras.alertcalifornia.org/?pos=34.42_-119.15_10,https://cameras.alertcalifornia.org/public-camera-data/Axis-SulphurEast1/latest-frame.jpg
Upper Ojai 2,sulphureast,alertcalifornia,active,online,Ventura,Upper Ojai 1,-119.15,34.42,https://cameras.alertcalifornia.org/?id=Axis-SulphurEast2,https://cameras.alertcalifornia.org/?pos=34.42_-119.15_10,https://cameras.alertcalifornia.org/public-camera-data/Axis-SulphurEast2/latest-frame.jpg
Santa Paula 1,santapaula,alertcalifornia,active,online,Ventura,Santa Paula 2,-119.08,34.42,https://cameras.alertcalifornia.org/?id=Axis-SantaPaula1,https://cameras.alertcalifornia.org/?pos=34.42_-119.08_10,https://cameras.alertcalifornia.org/public-camera-data/Axis-SantaPaula1/latest-frame.jpg
Santa Paula 2,santapaula,alertcalifornia,active,online,Ventura,Santa Paula 1,-119.08,34.42,https://cameras.alertcalifornia.org/?id=Axis-SantaPaula2,https://cameras.alertcalifornia.org/?pos=34.42_-119.08_10,https://cameras.alertcalifornia.org/public-camera-data/Axis-SantaPaula2/latest-frame.jpg
Wheeler Canyon 1,wheelercanyon,alertcalifornia,active,online,Ventura,Wheeler Canyon 2,-119.14,34.38,https://cameras.alertcalifornia.org/?id=Axis-WheelerCanyon1,https://cameras.alertcalifornia.org/?pos=34.38_-119.14_10,https://cameras.alertcalifornia.org/public-camera-data/Axis-WheelerCanyon1/latest-frame.jpg
Wheeler Canyon 2,wheelercanyon,alertcalifornia,active,online,Ventura,Wheeler Canyon 1,-119.14,34.38,https://cameras.alertcalifornia.org/?id=Axis-WheelerCanyon2,https://cameras.alertcalifornia.org/?pos=34.38_-119.14_10,https://cameras.alertcalifornia.org/public-camera-data/Axis-WheelerCanyon2/latest-frame.jpg
Piru 1,piru,alertcalifornia,active,online,Ventura,Piru 2,-118.82,34.38,https://cameras.alertcalifornia.org/?id=Axis-Piru1,https://cameras.alertcalifornia.org/?pos=34.38_-118.82_10,https://cameras.alertcalifornia.org/public-camera-data/Axis-Piru1/latest-frame.jpg
Piru 2,piru,alertcalifornia,active,online,Ventura,Piru 1,-118.82,34.38,https://cameras.alertcalifornia.org/?id=Axis-Piru2,https://cameras.alertcalifornia.org/?pos=34.38_-118.82_10,https://cameras.alertcalifornia.org/public-camera-data/Axis-Piru2/latest-frame.jpg
South Mountain East 1,southmountaineast,alertcalifornia,active,online,Ventura,South Mountain East 2,-119.01,34.33,https://cameras.alertcalifornia.org/?id=Axis-SouthMountainEast1,https://cameras.alertcalifornia.org/?pos=34.33_-119.01_10,https://cameras.alertcalifornia.org/public-camera-data/Axis-SouthMountainEast1/latest-frame.jpg
South Mountain East 2,southmountaineast,alertcalifornia,active,online,Ventura,South Mountain East 1,-119.01,34.33,https://cameras.alertcalifornia.org/?id=Axis-SouthMountainEast2,https://cameras.alertcalifornia.org/?pos=34.33_-119.01_10,https://cameras.alertcalifornia.org/public-camera-data/Axis-SouthMountainEast2/latest-frame.jpg
Butler Hill 1,butlerhill,alertcalifornia,active,online,Ventura,Butler Hill 2,-119.11,34.28,https://cameras.alertcalifornia.org/?id=Axis-ButlerHill1,https://cameras.alertcalifornia.org/?pos=34.28_-119.11_10,https://cameras.alertcalifornia.org/public-camera-data/Axis-ButlerHill1/latest-frame.jpg
Butler Hill 2,butlerhill,alertcalifornia,active,online,Ventura,Butler Hill 1,-119.11,34.28,https://cameras.alertcalifornia.org/?id=Axis-ButlerHill2,https://cameras.alertcalifornia.org/?pos=34.28_-119.11_10,https://cameras.alertcalifornia.org/public-camera-data/Axis-ButlerHill2/latest-frame.jpg
Ridgeline 1,ridgeline,alertcalifornia,active,online,Ventura,Ridgeline 2,-119.03,34.25,https://cameras.alertcalifornia.org/?id=Axis-Ridgeline1,https://cameras.alertcalifornia.org/?pos=34.25_-119.03_10,https://cameras.alertcalifornia.org/public-camera-data/Axis-Ridgeline1/latest-frame.jpg
Ridgeline 2,ridgeline,alertcalifornia,active,online,Ventura,Ridgeline 1,-119.03,34.25,https://cameras.alertcalifornia.org/?id=Axis-Ridgeline2,https://cameras.alertcalifornia.org/?pos=34.25_-119.03_10,https://cameras.alertcalifornia.org/public-camera-data/Axis-Ridgeline2/latest-frame.jpg
Camarillo Ranch 1,camarilloranch,alertcalifornia,active,online,Ventura,Camarillo Ranch 2,-119.01,34.21,https://cameras.alertcalifornia.org/?id=Axis-CamarilloRanch1,https://cameras.alertcalifornia.org/?pos=34.21_-119.01_10,https://cameras.alertcalifornia.org/public-camera-data/Axis-CamarilloRanch1/latest-frame.jpg
Camarillo Ranch 2,camarilloranch,alertcalifornia,active,online,Ventura,Camarillo Ranch 1,-119.01,34.21,https://cameras.alertcalifornia.org/?id=Axis-CamarilloRanch2,https://cameras.alertcalifornia.org/?pos=34.21_-119.01_10,https://cameras.alertcalifornia.org/public-camera-data/Axis-CamarilloRanch2/latest-frame.jpg
Laguna Peak 1,laguna,alertcalifornia,active,online,Ventura,Laguna Peak 2,-119.05,34.11,https://cameras.alertcalifornia.org/?id=Axis-Laguna1,https://cameras.alertcalifornia.org/?pos=34.11_-119.05_10,https://cameras.alertcalifornia.org/public-camera-data/Axis-Laguna1/latest-frame.jpg
Laguna Peak 2,laguna,alertcalifornia,active,online,Ventura,Laguna Peak 1,-119.05,34.11,https://cameras.alertcalifornia.org/?id=Axis-Laguna2,https://cameras.alertcalifornia.org/?pos=34.11_-119.05_10,https://cameras.alertcalifornia.org/public-camera-data/Axis-Laguna2/latest-frame.jpg
Burnt Peak 1,burntpeak,alertcalifornia,active,online,Los Angeles,Burnt Peak 2,-118.57,34.68,https://cameras.alertcalifornia.org/?id=Axis-BurntPeak1,https://cameras.alertcalifornia.org/?pos=34.68_-118.57_10,https://cameras.alertcalifornia.org/public-camera-data/Axis-BurntPeak1/latest-frame.jpg
Burnt Peak 2,burntpeak,alertcalifornia,active,online,Los Angeles,Burnt Peak 1,-118.57,34.68,https://cameras.alertcalifornia.org/?id=Axis-BurntPeak2,https://cameras.alertcalifornia.org/?pos=34.68_-118.57_10,https://cameras.alertcalifornia.org/public-camera-data/Axis-BurntPeak2/latest-frame.jpg
Grass Mtn. (Los Angeles) 1 ,grassmountainla,alertcalifornia,active,online,Los Angeles,Grass Mtn. (Los Angeles) 2,-118.41,34.64,https://cameras.alertcalifornia.org/?id=Axis-GrassMountainLA1,https://cameras.alertcalifornia.org/?pos=34.64_-118.41_10,https://cameras.alertcalifornia.org/public-camera-data/Axis-GrassMountainLA1/latest-frame.jpg
Grass Mtn. (Los Angeles) 2 ,grassmountainla,alertcalifornia,active,online,Los Angeles,Grass Mtn. (Los Angeles) 1,-118.41,34.64,https://cameras.alertcalifornia.org/?id=Axis-GrassMountainLA2,https://cameras.alertcalifornia.org/?pos=34.64_-118.41_10,https://cameras.alertcalifornia.org/public-camera-data/Axis-GrassMountainLA2/latest-frame.jpg
Whitaker Ridge 1,whitakerridge,alertcalifornia,active,online,Los Angeles,Whitaker Ridge 2,-118.72,34.58,https://cameras.alertcalifornia.org/?id=Axis-WhitakerRidge1,https://cameras.alertcalifornia.org/?pos=34.58_-118.72_10,https://cameras.alertcalifornia.org/public-camera-data/Axis-WhitakerRidge1/latest-frame.jpg
Whitaker Ridge 2,whitakerridge,alertcalifornia,active,online,Los Angeles,Whitaker Ridge 1,-118.72,34.58,https://cameras.alertcalifornia.org/?id=Axis-WhitakerRidge2,https://cameras.alertcalifornia.org/?pos=34.58_-118.72_10,https://cameras.alertcalifornia.org/public-camera-data/Axis-WhitakerRidge2/latest-frame.jpg
Whitaker Middle Peak 1,whitakermiddlepeak,alertcalifornia,active,online,Los Angeles,Whitaker Middle Peak 2,-118.74,34.56,https://cameras.alertcalifornia.org/?id=Axis-WhitakerMiddlePeak1,https://cameras.alertcalifornia.org/?pos=34.56_-118.74_10,https://cameras.alertcalifornia.org/public-camera-data/Axis-WhitakerMiddlePeak1/latest-frame.jpg
Whitaker Middle Peak 2,whitakermiddlepeak,alertcalifornia,active,online,Los Angeles,Whitaker Middle Peak 1,-118.74,34.56,https://cameras.alertcalifornia.org/?id=Axis-WhitakerMiddlePeak2,https://cameras.alertcalifornia.org/?pos=34.56_-118.74_10,https://cameras.alertcalifornia.org/public-camera-data/Axis-WhitakerMiddlePeak2/latest-frame.jpg
Mount McDill 1,mountmcdill,alertcalifornia,active,online,Los Angeles,Mount McDill 2,-118.25,34.56,https://cameras.alertcalifornia.org/?id=Axis-MountMcDill1,https://cameras.alertcalifornia.org/?pos=34.56_-118.25_10,https://cameras.alertcalifornia.org/public-camera-data/Axis-MountMcDill1/latest-frame.jpg
Mount McDill 2,mountmcdill,alertcalifornia,active,online,Los Angeles,Mount McDill 1,-118.25,34.56,https://cameras.alertcalifornia.org/?id=Axis-MountMcDill2,https://cameras.alertcalifornia.org/?pos=34.56_-118.25_10,https://cameras.alertcalifornia.org/public-camera-data/Axis-MountMcDill2/latest-frame.jpg
Sierra Pelona 1,hauser,alertcalifornia,active,online,Los Angeles,Sierra Pelona 2,-118.21,34.54,https://cameras.alertcalifornia.org/?id=Axis-Hauser1,https://cameras.alertcalifornia.org/?pos=34.54_-118.21_10,https://cameras.alertcalifornia.org/public-camera-data/Axis-Hauser1/latest-frame.jpg
Sierra Pelona 2,hauser,alertcalifornia,active,online,Los Angeles,Sierra Pelona 3,-118.21,34.54,https://cameras.alertcalifornia.org/?id=Axis-Hauser2,https://cameras.alertcalifornia.org/?pos=34.54_-118.21_10,https://cameras.alertcalifornia.org/public-camera-data/Axis-Hauser2/latest-frame.jpg
Magic Mtn. 1,magicmountain,alertcalifornia,active,online,Los Angeles,Magic Mtn. 2,-118.23,34.38,https://cameras.alertcalifornia.org/?id=Axis-MagicMountain1,https://cameras.alertcalifornia.org/?pos=34.38_-118.32_10,https://cameras.alertcalifornia.org/public-camera-data/Axis-MagicMountain1/latest-frame.jpg
Magic Mtn. 2,magicmountain,alertcalifornia,active,online,Los Angeles,Magic Mtn. 1,-118.23,34.38,https://cameras.alertcalifornia.org/?id=Axis-MagicMountain2,https://cameras.alertcalifornia.org/?pos=34.38_-118.32_10,https://cameras.alertcalifornia.org/public-camera-data/Axis-MagicMountain2/latest-frame.jpg
LACFD Camp Nine 1 (Loop),loop,alertcalifornia,active,online,Los Angeles,LACFD Camp Nine 2 (Loop),-118.41,34.35,https://cameras.alertcalifornia.org/?id=Axis-Loop1,https://cameras.alertcalifornia.org/?pos=34.35_-118.41_10,https://cameras.alertcalifornia.org/public-camera-data/Axis-Loop1/latest-frame.jpg
LACFD Camp Nine 2 (Loop),loop,alertcalifornia,active,online,Los Angeles,LACFD Camp Nine 1 (Loop),-118.41,34.35,https://cameras.alertcalifornia.org/?id=Axis-Loop2,https://cameras.alertcalifornia.org/?pos=34.35_-118.41_10,https://cameras.alertcalifornia.org/public-camera-data/Axis-Loop2/latest-frame.jpg
Oat Mtn. North 1,oatnorth,alertcalifornia,active,online,Los Angeles,Oat Mtn. North 2,-118.58,34.32,https://cameras.alertcalifornia.org/?id=Axis-OatNorth1,https://cameras.alertcalifornia.org/?pos=34.32_-118.58_10,https://cameras.alertcalifornia.org/public-camera-data/Axis-OatNorth1/latest-frame.jpg
Oat Mtn. North 2,oatnorth,alertcalifornia,active,online,Los Angeles,Oat Mtn. North 1,-118.58,34.32,https://cameras.alertcalifornia.org/?id=Axis-OatNorth2,https://cameras.alertcalifornia.org/?pos=34.32_-118.58_10,https://cameras.alertcalifornia.org/public-camera-data/Axis-OatNorth2/latest-frame.jpg
Oat Mtn. South 1,oatsouth,alertcalifornia,active,online,Los Angeles,Oat Mtn. South 2,-118.58,34.32,https://cameras.alertcalifornia.org/?id=Axis-OatSouth1,https://cameras.alertcalifornia.org/?pos=34.32_-118.58_10,https://cameras.alertcalifornia.org/public-camera-data/Axis-OatSouth1/latest-frame.jpg
Oat Mtn. South 2,oatsouth,alertcalifornia,active,online,Los Angeles,Oat Mtn. South 1,-118.58,34.32,https://cameras.alertcalifornia.org/?id=Axis-OatSouth2,https://cameras.alertcalifornia.org/?pos=34.32_-118.58_10,https://cameras.alertcalifornia.org/public-camera-data/Axis-OatSouth2/latest-frame.jpg
Mt. Lukens 1,lukens,alertcalifornia,active,online,Los Angeles,Mt. Lukens 2,-118.23,34.26,https://cameras.alertcalifornia.org/?id=Axis-Lukens1,https://cameras.alertcalifornia.org/?pos=34.26_-118.23_10,https://cameras.alertcalifornia.org/public-camera-data/Axis-Lukens1/latest-frame.jpg
Mt. Lukens 2,lukens,alertcalifornia,active,online,Los Angeles,Mt. Lukens 1,-118.23,34.26,https://cameras.alertcalifornia.org/?id=Axis-Lukens2,https://cameras.alertcalifornia.org/?pos=34.26_-118.23_10,https://cameras.alertcalifornia.org/public-camera-data/Axis-Lukens2/latest-frame.jpg
Rasnow Peak 1,rasnow,alertcalifornia,active,online,Ventura,Rasnow Peak 2,-118.9,34.16,https://cameras.alertcalifornia.org/?id=Axis-Rasnow1,https://cameras.alertcalifornia.org/?pos=34.16_-118.90_10,https://cameras.alertcalifornia.org/public-camera-data/Axis-Rasnow1/latest-frame.jpg
Rasnow Peak 2,rasnow,alertcalifornia,active,online,Ventura,Rasnow Peak 1,-118.9,34.16,https://cameras.alertcalifornia.org/?id=Axis-Rasnow2,https://cameras.alertcalifornia.org/?pos=34.16_-118.90_10,https://cameras.alertcalifornia.org/public-camera-data/Axis-Rasnow2/latest-frame.jpg
Las Virgenes 1,lasvirgenes,alertcalifornia,active,online,Ventura,Las Virgenes 2,-118.67,34.17,https://cameras.alertcalifornia.org/?id=Axis-LasVirgenes1,https://cameras.alertcalifornia.org/?pos=34.17_-118.67_10,https://cameras.alertcalifornia.org/public-camera-data/Axis-LasVirgenes1/latest-frame.jpg
Las Virgenes 2,lasvirgenes,alertcalifornia,active,online,Ventura,Las Virgenes 1,-118.67,34.17,https://cameras.alertcalifornia.org/?id=Axis-LasVirgenes2,https://cameras.alertcalifornia.org/?pos=34.17_-118.67_10,https://cameras.alertcalifornia.org/public-camera-data/Axis-LasVirgenes2/latest-frame.jpg
Gold 1,gold,alertcalifornia,active,online,Los Angeles,Gold 2,-118.85,34.11,https://cameras.alertcalifornia.org/?id=Axis-Gold1,https://cameras.alertcalifornia.org/?pos=34.11_-118.85_10,https://cameras.alertcalifornia.org/public-camera-data/Axis-Gold1/latest-frame.jpg
Gold 2,gold,alertcalifornia,active,online,Los Angeles,Gold 1,-118.85,34.11,https://cameras.alertcalifornia.org/?id=Axis-Gold2,https://cameras.alertcalifornia.org/?pos=34.11_-118.85_10,https://cameras.alertcalifornia.org/public-camera-data/Axis-Gold2/latest-frame.jpg
Encinal Canyon (Malibu) 1,encinalcanyon,alertcalifornia,active,online,Los Angeles,Encinal Canyon (Malibu) 2,-118.87,34.09,https://cameras.alertcalifornia.org/?id=Axis-EncinalCanyon1,https://cameras.alertcalifornia.org/?pos=34.09_-118.87_10,https://cameras.alertcalifornia.org/public-camera-data/Axis-EncinalCanyon1/latest-frame.jpg
Encinal Canyon (Malibu) 2,encinalcanyon,alertcalifornia,active,online,Los Angeles,Encinal Canyon (Malibu) 1,-118.87,34.09,https://cameras.alertcalifornia.org/?id=Axis-EncinalCanyon2,https://cameras.alertcalifornia.org/?pos=34.09_-118.87_10,https://cameras.alertcalifornia.org/public-camera-data/Axis-EncinalCanyon2/latest-frame.jpg
Topanga Canyon 1,topangacanyon,alertcalifornia,active,online,Los Angeles,Topanga Canyon 2,-118.57,34.12,https://cameras.alertcalifornia.org/?id=Axis-TopangaCanyon1,https://cameras.alertcalifornia.org/?pos=34.12_-118.57_10,https://cameras.alertcalifornia.org/public-camera-data/Axis-TopangaCanyon1/latest-frame.jpg
Topanga Canyon 2,topangacanyon,alertcalifornia,active,online,Los Angeles,Topanga Canyon 1,-118.57,34.12,https://cameras.alertcalifornia.org/?id=Axis-TopangaCanyon2,https://cameras.alertcalifornia.org/?pos=34.12_-118.57_10,https://cameras.alertcalifornia.org/public-camera-data/Axis-TopangaCanyon2/latest-frame.jpg
Castro Peak 1,castro,alertcalifornia,active,online,Los Angeles,Castro Peak 2,-118.78,34.08,https://cameras.alertcalifornia.org/?id=Axis-Castro1,https://cameras.alertcalifornia.org/?pos=34.08_-118.78_10,https://cameras.alertcalifornia.org/public-camera-data/Axis-Castro1/latest-frame.jpg
Castro Peak 2,castro,alertcalifornia,active,online,Los Angeles,Castro Peak 3,-118.78,34.08,https://cameras.alertcalifornia.org/?id=Axis-Castro2,https://cameras.alertcalifornia.org/?pos=34.08_-118.78_10,https://cameras.alertcalifornia.org/public-camera-data/Axis-Castro2/latest-frame.jpg
Rancho del Cielo 1,ranchodelcielo,alertcalifornia,active,online,Los Angeles,Rancho del Cielo 2,-118.78,34.04,https://cameras.alertcalifornia.org/?id=Axis-RanchoDelCielo1,https://cameras.alertcalifornia.org/?pos=34.04_-118.78_10,https://cameras.alertcalifornia.org/public-camera-data/Axis-RanchoDelCielo1/latest-frame.jpg
Rancho del Cielo 2,ranchodelcielo,alertcalifornia,active,online,Los Angeles,Rancho del Cielo 1,-118.78,34.04,https://cameras.alertcalifornia.org/?id=Axis-RanchoDelCielo2,https://cameras.alertcalifornia.org/?pos=34.04_-118.78_10,https://cameras.alertcalifornia.org/public-camera-data/Axis-RanchoDelCielo2/latest-frame.jpg
Topanga Peak 1,topangapeak,alertcalifornia,active,online,Los Angeles,Topanga Peak 2,-118.63,34.08,https://cameras.alertcalifornia.org/?id=Axis-TopangaPeak1,https://cameras.alertcalifornia.org/?pos=34.08_-118.63_10,https://cameras.alertcalifornia.org/public-camera-data/Axis-TopangaPeak1/latest-frame.jpg
Topanga Peak 2,topangapeak,alertcalifornia,active,online,Los Angeles,Topanga Peak 1,-118.63,34.08,https://cameras.alertcalifornia.org/?id=Axis-TopangaPeak2,https://cameras.alertcalifornia.org/?pos=34.08_-118.63_10,https://cameras.alertcalifornia.org/public-camera-data/Axis-TopangaPeak2/latest-frame.jpg
Saddle Peak 1,saddle,alertcalifornia,active,online,Los Angeles,Saddle Peak 2,-118.65,34.07,https://cameras.alertcalifornia.org/?id=Axis-Saddle1,https://cameras.alertcalifornia.org/?pos=34.07_-118.65_10,https://cameras.alertcalifornia.org/public-camera-data/Axis-Saddle1/latest-frame.jpg
Saddle Peak 2,saddle,alertcalifornia,active,online,Los Angeles,Saddle Peak 1,-118.65,34.07,https://cameras.alertcalifornia.org/?id=Axis-Saddle2,https://cameras.alertcalifornia.org/?pos=34.07_-118.65_10,https://cameras.alertcalifornia.org/public-camera-data/Axis-Saddle2/latest-frame.jpg
LACFD Helibase 69 Bravo E,hel69b,alertcalifornia,active,online,Los Angeles,LACFD Helibase 69 Bravo W,-118.62,34.07,https://cameras.alertcalifornia.org/?id=Axis-Hel69B,https://cameras.alertcalifornia.org/?pos=34.07_-118.62_10,https://cameras.alertcalifornia.org/public-camera-data/Axis-Hel69B/latest-frame.jpg
LACFD Helibase 69 Bravo W,hel69b,alertcalifornia,active,online,Los Angeles,LACFD Helibase 69 Bravo E,-118.62,34.07,https://cameras.alertcalifornia.org/?id=Axis-Hel69BWest,https://cameras.alertcalifornia.org/?pos=34.07_-118.62_10,https://cameras.alertcalifornia.org/public-camera-data/Axis-Hel69BWest/latest-frame.jpg
Cloudcroft Debris Basin 1,cloudcroft,alertcalifornia,active,online,Los Angeles,Cloudcroft Debris Basin 2,-118.57,34.04,https://cameras.alertcalifornia.org/?id=Axis-Cloudcroft1,https://cameras.alertcalifornia.org/?pos=34.04_-118.57_10,https://cameras.alertcalifornia.org/public-camera-data/Axis-Cloudcroft1/latest-frame.jpg
Cloudcroft Debris Basin 2,cloudcroft,alertcalifornia,active,online,Los Angeles,Cloudcroft Debris Basin 1,-118.57,34.04,https://cameras.alertcalifornia.org/?id=Axis-Cloudcroft2,https://cameras.alertcalifornia.org/?pos=34.04_-118.57_10,https://cameras.alertcalifornia.org/public-camera-data/Axis-Cloudcroft2/latest-frame.jpg
San Vicente 1,sanvicente,alertcalifornia,active,online,Los Angeles,San Vicente 2,-118.51,34.12,https://cameras.alertcalifornia.org/?id=Axis-SanVicente1,https://cameras.alertcalifornia.org/?pos=34.12_-118.51_10,https://cameras.alertcalifornia.org/public-camera-data/Axis-SanVicente1/latest-frame.jpg
San Vicente 2,sanvicente,alertcalifornia,active,online,Los Angeles,San Vicente 1,-118.51,34.12,https://cameras.alertcalifornia.org/?id=Axis-SanVicente2,https://cameras.alertcalifornia.org/?pos=34.12_-118.51_10,https://cameras.alertcalifornia.org/public-camera-data/Axis-SanVicente2/latest-frame.jpg
Green Peak North 1,greenpeak,alertcalifornia,active,online,Los Angeles,Green Peak South 2,-118.54,34.08,https://cameras.alertcalifornia.org/?id=Axis-GreenNorth,https://cameras.alertcalifornia.org/?pos=34.08_-118.54_10,https://cameras.alertcalifornia.org/public-camera-data/Axis-GreenNorth/latest-frame.jpg
Green Peak South 2,greenpeak,alertcalifornia,active,online,Los Angeles,Green Peak North 1,-118.54,34.08,https://cameras.alertcalifornia.org/?id=Axis-GreenSouth,https://cameras.alertcalifornia.org/?pos=34.08_-118.54_10,https://cameras.alertcalifornia.org/public-camera-data/Axis-GreenSouth/latest-frame.jpg
Temescal Trailhead 1,temescaltrailhead,alertcalifornia,active,online,Los Angeles,Temescal Trailhead 2,-118.54,34.07,https://cameras.alertcalifornia.org/?id=Axis-TemescalTrailhead1,https://cameras.alertcalifornia.org/?pos=34.07_-118.54_10,https://cameras.alertcalifornia.org/public-camera-data/Axis-TemescalTrailhead1/latest-frame.jpg
Temescal Trailhead 2,temescaltrailhead,alertcalifornia,active,online,Los Angeles,Temescal Trailhead 1,-118.54,34.07,https://cameras.alertcalifornia.org/?id=Axis-TemescalTrailhead2,https://cameras.alertcalifornia.org/?pos=34.07_-118.54_10,https://cameras.alertcalifornia.org/public-camera-data/Axis-TemescalTrailhead2/latest-frame.jpg
Mt. Lee N,mtlee,alertcalifornia,active,online,Los Angeles,Mt. Lee S,-118.32,34.13,https://cameras.alertcalifornia.org/?id=Axis-MtLeeN,https://cameras.alertcalifornia.org/?pos=34.13_-118.32_10,https://cameras.alertcalifornia.org/public-camera-data/Axis-MtLeeN/latest-frame.jpg
Mt. Lee S,mtlee,alertcalifornia,active,online,Los Angeles,Mt. Lee N,-118.32,34.13,https://cameras.alertcalifornia.org/?id=Axis-MtLeeS,https://cameras.alertcalifornia.org/?pos=34.13_-118.32_10,https://cameras.alertcalifornia.org/public-camera-data/Axis-MtLeeS/latest-frame.jpg
Star Mtn. 1,briar,alertcalifornia,active,online,Los Angeles,Star Mtn. 2,-118.39,34.11,https://cameras.alertcalifornia.org/?id=Axis-Briar1,https://cameras.alertcalifornia.org/?pos=34.11_-118.39_10,https://cameras.alertcalifornia.org/public-camera-data/Axis-Briar1/latest-frame.jpg
Star Mtn. 2,briar,alertcalifornia,active,online,Los Angeles,Star Mtn. 1,-118.39,34.11,https://cameras.alertcalifornia.org/?id=Axis-Briar2,https://cameras.alertcalifornia.org/?pos=34.11_-118.39_10,https://cameras.alertcalifornia.org/public-camera-data/Axis-Briar2/latest-frame.jpg
Bel Air Ridge 1,belairridge,alertcalifornia,active,online,Los Angeles,Bel Air Ridge 2,-118.44,34.11,https://cameras.alertcalifornia.org/?id=Axis-BelAirRidge1,https://cameras.alertcalifornia.org/?pos=34.11_-118.44_10,https://cameras.alertcalifornia.org/public-camera-data/Axis-BelAirRidge1/latest-frame.jpg
Bel Air Ridge 2,belairridge,alertcalifornia,active,online,Los Angeles,Bel Air Ridge 1,-118.44,34.11,https://cameras.alertcalifornia.org/?id=Axis-BelAirRidge2,https://cameras.alertcalifornia.org/?pos=34.11_-118.44_10,https://cameras.alertcalifornia.org/public-camera-data/Axis-BelAirRidge2/latest-frame.jpg
Mountain Gate 1,mountaingate,alertcalifornia,active,online,Los Angeles,Mountain Gate 2,-118.44,34.11,https://cameras.alertcalifornia.org/?id=Axis-MountainGate1,https://cameras.alertcalifornia.org/?pos=34.10_-118.48_10,https://cameras.alertcalifornia.org/public-camera-data/Axis-MountainGate1/latest-frame.jpg
Canyonback Trail TCM 1,canyonbacktrail,alertcalifornia,active,online,Los Angeles,Canyonback Trail TCM 2,-118.49,34.09,https://cameras.alertcalifornia.org/?id=Axis-Canyonback1,https://cameras.alertcalifornia.org/?pos=34.09_-118.49_10,https://cameras.alertcalifornia.org/public-camera-data/Axis-Canyonback1/latest-frame.jpg
Canyonback Trail TCM 2,canyonbacktrail,alertcalifornia,active,online,Los Angeles,Canyonback Trail TCM 1,-118.49,34.09,https://cameras.alertcalifornia.org/?id=Axis-Canyonback2,https://cameras.alertcalifornia.org/?pos=34.09_-118.49_10,https://cameras.alertcalifornia.org/public-camera-data/Axis-Canyonback2/latest-frame.jpg
Westridge 1,westridge,alertcalifornia,active,online,Los Angeles,Westridge 2,-118.51,34.08,https://cameras.alertcalifornia.org/?id=Axis-Westridge1,https://cameras.alertcalifornia.org/?pos=34.08_-118.51_10,https://cameras.alertcalifornia.org/public-camera-data/Axis-Westridge1/latest-frame.jpg
Westridge 2,westridge,alertcalifornia,active,online,Los Angeles,Westridge 1,-118.51,34.08,https://cameras.alertcalifornia.org/?id=Axis-Westridge2,https://cameras.alertcalifornia.org/?pos=34.08_-118.51_10,https://cameras.alertcalifornia.org/public-camera-data/Axis-Westridge2/latest-frame.jpg
Hollywood 1,hollywood,alertcalifornia,active,online,Los Angeles,Hollywood 2,-118.38,34.1,https://cameras.alertcalifornia.org/?id=Axis-Hollywood1,https://cameras.alertcalifornia.org/?pos=34.10_-118.38_10,https://cameras.alertcalifornia.org/public-camera-data/Axis-Hollywood1/latest-frame.jpg
Hollywood 2,hollywood,alertcalifornia,active,online,Los Angeles,Hollywood 1,-118.38,34.1,https://cameras.alertcalifornia.org/?id=Axis-Hollywood2,https://cameras.alertcalifornia.org/?pos=34.10_-118.38_10,https://cameras.alertcalifornia.org/public-camera-data/Axis-Hollywood2/latest-frame.jpg
Wilshire 1,wilshire,alertcalifornia,active,online,Los Angeles,Wilshire 2,-118.5,34.01,https://cameras.alertcalifornia.org/?id=Axis-Wilshire1,https://cameras.alertcalifornia.org/?pos=34.01_-118.50_10,https://cameras.alertcalifornia.org/public-camera-data/Axis-Wilshire1/latest-frame.jpg
Wilshire 2,wilshire,alertcalifornia,active,online,Los Angeles,Wilshire 1,-118.5,34.01,https://cameras.alertcalifornia.org/?id=Axis-Wilshire2,https://cameras.alertcalifornia.org/?pos=34.01_-118.50_10,https://cameras.alertcalifornia.org/public-camera-data/Axis-Wilshire2/latest-frame.jpg
Baldwin Hills 1,baldwinhills,alertcalifornia,active,online,Los Angeles,Baldwin Hills 2,-118.36,34,https://cameras.alertcalifornia.org/?id=Axis-BaldwinHills1,https://cameras.alertcalifornia.org/?pos=34.00_-118.36_10,https://cameras.alertcalifornia.org/public-camera-data/Axis-BaldwinHills1/latest-frame.jpg
Baldwin Hills 2,baldwinhills,alertcalifornia,active,online,Los Angeles,Baldwin Hills 1,-118.36,34,https://cameras.alertcalifornia.org/?id=Axis-BaldwinHills2,https://cameras.alertcalifornia.org/?pos=34.00_-118.36_10,https://cameras.alertcalifornia.org/public-camera-data/Axis-BaldwinHills2/latest-frame.jpg
Verdugo Peak 1,verdugopeak,alertcalifornia,active,online,Los Angeles,Verdugo Peak 2,-118.27,34.21,https://cameras.alertcalifornia.org/?id=Axis-VerdugoPeak1,https://cameras.alertcalifornia.org/?pos=34.21_-118.27_10,https://cameras.alertcalifornia.org/public-camera-data/Axis-VerdugoPeak1/latest-frame.jpg
Verdugo Peak 2,verdugopeak,alertcalifornia,active,online,Los Angeles,Verdugo Peak 1,-118.27,34.21,https://cameras.alertcalifornia.org/?id=Axis-VerdugoPeak2,https://cameras.alertcalifornia.org/?pos=34.21_-118.27_10,https://cameras.alertcalifornia.org/public-camera-data/Axis-VerdugoPeak2/latest-frame.jpg
Mt. Emma 1,mtemma,alertcalifornia,active,online,Los Angeles,Mt. Emma 2,-118.08,34.48,https://cameras.alertcalifornia.org/?id=Axis-MtEmma1,https://cameras.alertcalifornia.org/?pos=34.48_-118.08_10,https://cameras.alertcalifornia.org/public-camera-data/Axis-MtEmma1/latest-frame.jpg
Mt. Emma 2,mtemma,alertcalifornia,active,online,Los Angeles,Mt. Emma 1,-118.08,34.48,https://cameras.alertcalifornia.org/?id=Axis-MtEmma2,https://cameras.alertcalifornia.org/?pos=34.48_-118.08_10,https://cameras.alertcalifornia.org/public-camera-data/Axis-MtEmma2/latest-frame.jpg
Pearblossom 1,pearblossom,alertcalifornia,active,online,Los Angeles,Pearblossom 2,-117.92,34.5,https://cameras.alertcalifornia.org/?id=Axis-Pearblossom1,https://cameras.alertcalifornia.org/?pos=34.50_-117.92_10,https://cameras.alertcalifornia.org/public-camera-data/Axis-Pearblossom1/latest-frame.jpg
Pearblossom 2,pearblossom,alertcalifornia,active,online,Los Angeles,Pearblossom 1,-117.92,34.5,https://cameras.alertcalifornia.org/?id=Axis-Pearblossom2,https://cameras.alertcalifornia.org/?pos=34.50_-117.92_10,https://cameras.alertcalifornia.org/public-camera-data/Axis-Pearblossom2/latest-frame.jpg
Jolyn 1,jolyn,alertcalifornia,active,online,San Bernardino,Jolyn 2,-117.92,34.5,https://cameras.alertcalifornia.org/?id=Axis-Jolyn1,https://cameras.alertcalifornia.org/?pos=34.61_-117.51_10,https://cameras.alertcalifornia.org/public-camera-data/Axis-Jolyn1/latest-frame.jpg
Jolyn 2,jolyn,alertcalifornia,active,online,San Bernardino,Jolyn 1,-117.92,34.5,https://cameras.alertcalifornia.org/?id=Axis-Jolyn2,https://cameras.alertcalifornia.org/?pos=34.61_-117.51_10,https://cameras.alertcalifornia.org/public-camera-data/Axis-Jolyn2/latest-frame.jpg
Quartzite Mtn. 1,quartzite,alertcalifornia,active,online,San Bernardino,Quartzite Mtn. 2,-117.29,34.61,https://cameras.alertcalifornia.org/?id=Axis-Quartzite1,https://cameras.alertcalifornia.org/?pos=34.61_-117.29_10,https://cameras.alertcalifornia.org/public-camera-data/Axis-Quartzite1/latest-frame.jpg
Quartzite Mtn. 2,quartzite,alertcalifornia,active,online,San Bernardino,Quartzite Mtn. 1,-117.29,34.61,https://cameras.alertcalifornia.org/?id=Axis-Quartzite2,https://cameras.alertcalifornia.org/?pos=34.61_-117.29_10,https://cameras.alertcalifornia.org/public-camera-data/Axis-Quartzite2/latest-frame.jpg
Foor 1,foor,alertcalifornia,active,online,San Bernardino,Foor 2,-117.59,34.39,https://cameras.alertcalifornia.org/?id=Axis-Foor1,https://cameras.alertcalifornia.org/?pos=34.39_-117.59_10,https://cameras.alertcalifornia.org/public-camera-data/Axis-Foor1/latest-frame.jpg
Foor 2,foor,alertcalifornia,active,online,San Bernardino,Foor 1,-117.59,34.39,https://cameras.alertcalifornia.org/?id=Axis-Foor2,https://cameras.alertcalifornia.org/?pos=34.39_-117.59_10,https://cameras.alertcalifornia.org/public-camera-data/Axis-Foor2/latest-frame.jpg
Table 1,table,alertcalifornia,active,online,Los Angeles,Table 2,-117.66,34.38,https://cameras.alertcalifornia.org/?id=Axis-Table1,https://cameras.alertcalifornia.org/?pos=34.38_-117.66_10,https://cameras.alertcalifornia.org/public-camera-data/Axis-Table1/latest-frame.jpg
Table 2,table,alertcalifornia,active,online,Los Angeles,Table 1,-117.66,34.38,https://cameras.alertcalifornia.org/?id=Axis-Table2,https://cameras.alertcalifornia.org/?pos=34.38_-117.66_10,https://cameras.alertcalifornia.org/public-camera-data/Axis-Table2/latest-frame.jpg
Mtn. High North 1,mtnhighnorth,alertcalifornia,active,online,Los Angeles,Mtn. High North 2,-117.68,34.38,https://cameras.alertcalifornia.org/?id=Axis-MtnHighNorth1,https://cameras.alertcalifornia.org/?pos=34.38_-117.68_10,https://cameras.alertcalifornia.org/public-camera-data/Axis-MtnHighNorth1/latest-frame.jpg
Mtn. High North 2,mtnhighnorth,alertcalifornia,active,online,Los Angeles,Mtn. High North 1,-117.68,34.38,https://cameras.alertcalifornia.org/?id=Axis-MtnHighNorth2,https://cameras.alertcalifornia.org/?pos=34.38_-117.68_10,https://cameras.alertcalifornia.org/public-camera-data/Axis-MtnHighNorth2/latest-frame.jpg
Mtn. High West 1,mtnhighwest,alertcalifornia,active,online,Los Angeles,Mtn. High West 2,-117.69,34.36,https://cameras.alertcalifornia.org/?id=Axis-MtnHighWest1,https://cameras.alertcalifornia.org/?pos=34.36_-117.69_10,https://cameras.alertcalifornia.org/public-camera-data/Axis-MtnHighWest1/latest-frame.jpg
Mtn. High West 2,mtnhighwest,alertcalifornia,active,online,Los Angeles,Mtn. High West 1,-117.69,34.36,https://cameras.alertcalifornia.org/?id=Axis-MtnHighWest2,https://cameras.alertcalifornia.org/?pos=34.36_-117.69_10,https://cameras.alertcalifornia.org/public-camera-data/Axis-MtnHighWest2/latest-frame.jpg
Mtn. High East 1,mtnhigheast,alertcalifornia,active,online,Los Angeles,Mtn. High East 2,-117.68,34.35,https://cameras.alertcalifornia.org/?id=Axis-MtnHighEast1,https://cameras.alertcalifornia.org/?pos=34.35_-117.68_10,https://cameras.alertcalifornia.org/public-camera-data/Axis-MtnHighEast1/latest-frame.jpg
Mtn. High East 2,mtnhigheast,alertcalifornia,active,online,Los Angeles,Mtn. High East 1,-117.68,34.35,https://cameras.alertcalifornia.org/?id=Axis-MtnHighEast2,https://cameras.alertcalifornia.org/?pos=34.35_-117.68_10,https://cameras.alertcalifornia.org/public-camera-data/Axis-MtnHighEast2/latest-frame.jpg
Mt. Disappointment 1,mtdisappointment,alertcalifornia,active,online,Los Angeles,Mt. Disappointment 2,-118.1,34.24,https://cameras.alertcalifornia.org/?id=Axis-MtDisappointment1,https://cameras.alertcalifornia.org/?pos=34.24_-118.10_10,https://cameras.alertcalifornia.org/public-camera-data/Axis-MtDisappointment1/latest-frame.jpg
Mt. Disappointment 2,mtdisappointment,alertcalifornia,active,online,Los Angeles,Mt. Disappointment 1,-118.1,34.24,https://cameras.alertcalifornia.org/?id=Axis-MtDisappointment2,https://cameras.alertcalifornia.org/?pos=34.24_-118.10_10,https://cameras.alertcalifornia.org/public-camera-data/Axis-MtDisappointment2/latest-frame.jpg
Mt. Wilson East,mtwilson,alertcalifornia,active,online,Los Angeles,Mt. Wilson West,-118.05,34.22,https://cameras.alertcalifornia.org/?id=Axis-WilsonEast,https://cameras.alertcalifornia.org/?pos=34.22_-118.05_10,https://cameras.alertcalifornia.org/public-camera-data/Axis-WilsonEast/latest-frame.jpg
Mt. Wilson West,mtwilson,alertcalifornia,active,online,Los Angeles,Mt. Wilson East,-118.05,34.22,https://cameras.alertcalifornia.org/?id=Axis-WilsonWest,https://cameras.alertcalifornia.org/?pos=34.22_-118.05_10,https://cameras.alertcalifornia.org/public-camera-data/Axis-WilsonWest/latest-frame.jpg
Pine Mtn. (Los Angeles) 1,pinemountainla,alertcalifornia,active,online,Los Angeles,Pine Mtn. (Los Angeles) 2,-117.9,34.22,https://cameras.alertcalifornia.org/?id=Axis-PineMountainLA1,https://cameras.alertcalifornia.org/?pos=34.22_-117.90_10,https://cameras.alertcalifornia.org/public-camera-data/Axis-PineMountainLA1/latest-frame.jpg
Pine Mtn. (Los Angeles) 2,pinemountainla,alertcalifornia,active,online,Los Angeles,Pine Mtn. (Los Angeles) 1,-117.9,34.22,https://cameras.alertcalifornia.org/?id=Axis-PineMountainLA2,https://cameras.alertcalifornia.org/?pos=34.22_-117.90_10,https://cameras.alertcalifornia.org/public-camera-data/Axis-PineMountainLA2/latest-frame.jpg
Arcadia 1,arcadia,alertcalifornia,active,online,Los Angeles,Arcadia 2,-118.02,34.17,https://cameras.alertcalifornia.org/?id=Axis-Arcadia1,https://cameras.alertcalifornia.org/?pos=34.17_-118.02_10,https://cameras.alertcalifornia.org/public-camera-data/Axis-Arcadia1/latest-frame.jpg
Arcadia 2,arcadia,alertcalifornia,active,online,Los Angeles,Arcadia 1,-118.02,34.17,https://cameras.alertcalifornia.org/?id=Axis-Arcadia2,https://cameras.alertcalifornia.org/?pos=34.17_-118.02_10,https://cameras.alertcalifornia.org/public-camera-data/Axis-Arcadia2/latest-frame.jpg
Sierra Madre Canyon 1,sierramadrecanyon,alertcalifornia,active,online,Los Angeles,Sierra Madre Canyon 2,-118.04,34.17,https://cameras.alertcalifornia.org/?id=Axis-SierraMadreCanyon1,https://cameras.alertcalifornia.org/?pos=34.17_-118.04_10,https://cameras.alertcalifornia.org/public-camera-data/Axis-SierraMadreCanyon1/latest-frame.jpg
Sierra Madre Canyon 2,sierramadrecanyon,alertcalifornia,active,online,Los Angeles,Sierra Madre Canyon 1,-118.04,34.17,https://cameras.alertcalifornia.org/?id=Axis-SierraMadreCanyon2,https://cameras.alertcalifornia.org/?pos=34.17_-118.04_10,https://cameras.alertcalifornia.org/public-camera-data/Axis-SierraMadreCanyon2/latest-frame.jpg
Sierra Madre Bridge,sierramadrebridge,alertcalifornia,active,online,Los Angeles,,-118.04,34.17,https://cameras.alertcalifornia.org/?id=Axis-SierraMadreBridge,https://cameras.alertcalifornia.org/?pos=34.17_-118.04_10,https://cameras.alertcalifornia.org/public-camera-data/Axis-SierraMadreBridge/latest-frame.jpg
Bailey Canyon Debris Basin 1,baileycanyon,alertcalifornia,active,online,Los Angeles,Bailey Canyon Debris Basin 2,-118.06,34.17,https://cameras.alertcalifornia.org/?id=Axis-BaileyCanyon1,https://cameras.alertcalifornia.org/?pos=34.17_-118.06_10,https://cameras.alertcalifornia.org/public-camera-data/Axis-BaileyCanyon1/latest-frame.jpg
Bailey Canyon Debris Basin 2,baileycanyon,alertcalifornia,active,online,Los Angeles,Bailey Canyon Debris Basin 1,-118.06,34.17,https://cameras.alertcalifornia.org/?id=Axis-BaileyCanyon2,https://cameras.alertcalifornia.org/?pos=34.17_-118.06_10,https://cameras.alertcalifornia.org/public-camera-data/Axis-BaileyCanyon2/latest-frame.jpg
Mt. Harvard 1,harvard,alertcalifornia,active,online,Los Angeles,Mt. Harvard 2,-118.06,34.21,https://cameras.alertcalifornia.org/?id=Axis-Harvard1,https://cameras.alertcalifornia.org/?pos=34.21_-118.06_10,https://cameras.alertcalifornia.org/public-camera-data/Axis-Harvard1/latest-frame.jpg
Mt. Harvard 2,harvard,alertcalifornia,active,online,Los Angeles,Mt. Harvard 1,-118.06,34.21,https://cameras.alertcalifornia.org/?id=Axis-Harvard2,https://cameras.alertcalifornia.org/?pos=34.21_-118.06_10,https://cameras.alertcalifornia.org/public-camera-data/Axis-Harvard2/latest-frame.jpg
College Peak 1,college,alertcalifornia,active,online,Los Angeles,College Peak 2,-118.01,34.01,https://cameras.alertcalifornia.org/?id=Axis-College1,https://cameras.alertcalifornia.org/?pos=34.01_-118.01_10,https://cameras.alertcalifornia.org/public-camera-data/Axis-College1/latest-frame.jpg
College Peak 2,college,alertcalifornia,active,online,Los Angeles,College Peak 1,-118.01,34.01,https://cameras.alertcalifornia.org/?id=Axis-College2,https://cameras.alertcalifornia.org/?pos=34.01_-118.01_10,https://cameras.alertcalifornia.org/public-camera-data/Axis-College2/latest-frame.jpg
Johnstone Peak 1,johnstone,alertcalifornia,active,online,Los Angeles,Johnstone Peak 2,-117.8,34.15,https://cameras.alertcalifornia.org/?id=Axis-Johnstone1,https://cameras.alertcalifornia.org/?pos=34.15_-117.80_10,https://cameras.alertcalifornia.org/public-camera-data/Axis-Johnstone1/latest-frame.jpg
Johnstone Peak 2,johnstone,alertcalifornia,active,online,Los Angeles,Johnstone Peak 1,-117.8,34.15,https://cameras.alertcalifornia.org/?id=Axis-Johnstone2,https://cameras.alertcalifornia.org/?pos=34.15_-117.80_10,https://cameras.alertcalifornia.org/public-camera-data/Axis-Johnstone2/latest-frame.jpg
Sunset Peak 1,sunset,alertcalifornia,active,online,Los Angeles,Sunset Peak 2,-117.7,34.18,https://cameras.alertcalifornia.org/?id=Axis-Sunset1,https://cameras.alertcalifornia.org/?pos=34.18_-117.70_10,https://cameras.alertcalifornia.org/public-camera-data/Axis-Sunset1/latest-frame.jpg
Sunset Peak 2,sunset,alertcalifornia,active,online,Los Angeles,Sunset Peak 1,-117.7,34.18,https://cameras.alertcalifornia.org/?id=Axis-Sunset2,https://cameras.alertcalifornia.org/?pos=34.18_-117.70_10,https://cameras.alertcalifornia.org/public-camera-data/Axis-Sunset2/latest-frame.jpg
Rancho Cucamonga FTC 1,ranchocucamongaftc,alertcalifornia,active,online,San Bernardino,Rancho Cucamonga FTC 2,-117.55,34.09,https://cameras.alertcalifornia.org/?id=Axis-RanchoCucamongaFTC1,https://cameras.alertcalifornia.org/?pos=34.09_-117.55_10,https://cameras.alertcalifornia.org/public-camera-data/Axis-RanchoCucamongaFTC1/latest-frame.jpg
Rancho Cucamonga FTC 2,ranchocucamongaftc,alertcalifornia,active,online,San Bernardino,Rancho Cucamonga FTC 1,-117.55,34.09,https://cameras.alertcalifornia.org/?id=Axis-RanchoCucamongaFTC2,https://cameras.alertcalifornia.org/?pos=34.09_-117.55_10,https://cameras.alertcalifornia.org/public-camera-data/Axis-RanchoCucamongaFTC2/latest-frame.jpg
San Sevaine Lookout 1,sansevaine,alertcalifornia,active,online,San Bernardino,San Sevaine Lookout 2,-117.5,34.21,https://cameras.alertcalifornia.org/?id=Axis-SanSevaine1,https://cameras.alertcalifornia.org/?pos=34.21_-117.50_10,https://cameras.alertcalifornia.org/public-camera-data/Axis-SanSevaine1/latest-frame.jpg
San Sevaine Lookout 2,sansevaine,alertcalifornia,active,online,San Bernardino,San Sevaine Lookout 1,-117.5,34.21,https://cameras.alertcalifornia.org/?id=Axis-SanSevaine2,https://cameras.alertcalifornia.org/?pos=34.21_-117.50_10,https://cameras.alertcalifornia.org/public-camera-data/Axis-SanSevaine2/latest-frame.jpg
Fontana 1,fontana,alertcalifornia,active,online,San Bernardino,Fontana 2,-117.47,34.17,https://cameras.alertcalifornia.org/?id=Axis-Fontana1,https://cameras.alertcalifornia.org/?pos=34.17_-117.47_10,https://cameras.alertcalifornia.org/public-camera-data/Axis-Fontana1/latest-frame.jpg
Fontana 2,fontana,alertcalifornia,active,online,San Bernardino,Fontana 1,-117.47,34.17,https://cameras.alertcalifornia.org/?id=Axis-Fontana2,https://cameras.alertcalifornia.org/?pos=34.17_-117.47_10,https://cameras.alertcalifornia.org/public-camera-data/Axis-Fontana2/latest-frame.jpg
Bailey Peak 1,baileypeak,alertcalifornia,active,online,San Bernardino,Bailey Peak 2,-117.36,34.25,https://cameras.alertcalifornia.org/?id=Axis-BaileyPeak1,https://cameras.alertcalifornia.org/?pos=34.25_-117.36_10,https://cameras.alertcalifornia.org/public-camera-data/Axis-BaileyPeak1/latest-frame.jpg
Bailey Peak 2,baileypeak,alertcalifornia,active,online,San Bernardino,Bailey Peak 1,-117.36,34.25,https://cameras.alertcalifornia.org/?id=Axis-BaileyPeak2,https://cameras.alertcalifornia.org/?pos=34.25_-117.36_10,https://cameras.alertcalifornia.org/public-camera-data/Axis-BaileyPeak2/latest-frame.jpg
Crestline Ridge 1,crestline,alertcalifornia,active,online,San Bernardino,Crestline Ridge 2,-117.31,34.23,https://cameras.alertcalifornia.org/?id=Axis-Crestline1,https://cameras.alertcalifornia.org/?pos=34.23_-117.31_10,https://cameras.alertcalifornia.org/public-camera-data/Axis-Crestline1/latest-frame.jpg
Crestline Ridge 2,crestline,alertcalifornia,active,online,San Bernardino,Crestline Ridge 1,-117.31,34.23,https://cameras.alertcalifornia.org/?id=Axis-Crestline2,https://cameras.alertcalifornia.org/?pos=34.23_-117.31_10,https://cameras.alertcalifornia.org/public-camera-data/Axis-Crestline2/latest-frame.jpg
